nom;type;prérequis str;prérequis end;prérequis dex;prérequis int;prérequis wis;prérequis archerie;prérequis attaque;bonus str;bonus end;bonus dex;bonus int;bonus  wis;prérequis archerie;prérequis attaque;ca;puissance terre;puissance eau;puissance air;puissance feu;puissance lumière;puissance nécromancie;résistance terre;résistance eau;résistance air;résistance feu;résistance lumière;résistance nécromancie;attaque;esquive;archerie;parade;coup puissant;coup assommant;coup critique;transpercer l'armure;guérison rapide;méditation;immobilisation;profusion de mana;vol;se cacher;piller;chercher;métier;effet;remarque
Les amulettes NMS;Amulettes;;;;;;;;;;;;;;;;;;;;;;;;;;;;;;;;;;;;;;;;;;;;;;
Amulette ténébreuse;Amulettes;;30;;49;30;;;;;;;;;;10;;;;;;10;;;;;;;;;;;;;;;;;;;;;;;;Bonus CA +10 Puissance nécro, Puissance terre et Puissance air +10 Puissance feu et Puissance eau -10 Résistance lumière -15 | Prérequis Endurance 30 Sagesse et Intelligence 49 Obtention  Coffre Abysses DI, Kranians Ténébreux (Abysses DI..) | ;
Présent des älvors;Amulettes;80;35;223;223;40;;;;;;;;;;10;;;;;;;;;;;;;50;-50;50;;10;;;;50;;5;;;;;;;Bonus CA +10 -50 Esquive +10 Coup Puissant, Coup Assommant, Se Cacher, Transpercer Armure et Guérison Rapide +50 Attaque et Archerie +5 Immobilisation | Prérequis Force 80 Endurance 35 Dextérité 223 Intelligence et Sagesse 40 Obtention  Quête du présent des Alvors | ;
Amulette attractive;Amulettes;;;;50;;;;;;;;;;;;;;;;;;;;;;;;;;;;;;;;;;;;;;;;;Bonus Chance +10 | Prérequis Sagesse et Intelligence 50 Obtention Bijoutier 14 | ;
Amulette de chance;Amulettes;;;;80;;;;;;;;;;;;;;;;;;;;;;;;;;;;;;;;;;;;;;;;;Bonus Chance +20 | Prérequis Sagesse  et Intelligence 80 Obtention Quête des livres de chance de Drake Island Bijoutier 28 | ;
Amulette de pyrolyse;Amulettes;30;;;456;20;;;;;;25;;;;5;;;;25;;;5;5;;10;;;;;;;;;;;;;;5;;;;;;Bonus CA +5 Intelligence +25 Puissance feu +10 Résistance feu +10 Profusion de mana +5 Résistance eau terre nécro air -7 Prérequis Force 30 Sagesse 20 Intelligence 456 Obtention Bijoutier 46 | ;
Amulette en plumes;Amulettes;;30;;146;110;;;;;;;;;;5;;;;;;5;;;;;;;;2;;;;;;;;;;;;;;;;Bonus CA +5 Puissance nécro +5 Puissance Air, Terre, Feu, Eau +5 Esquive +15+3/2 esquive Prérequis Endurance 30 Sagesse 110 Intelligence 146 Obtention  Drop Squelette Équestre (cave aveugle RD) | ;
Ancienne amulette elfe;Amulettes;190;;850;;;;;;;30;;;;;15;;;;;;;;;;;;;;10;;;;20;;30;;;5;;;;;;;Bonus CA +15 Dextérité +30 Coup Assommant +20 Immobilisation +5 (au lieu de +10 maj du 4/4/18) Transpercer Armure +30 Esquive +10% esquive boostée Prérequis Force 190 Dextérité 850 Obtention  Bijoutier 64 | ;
Amulette de fortune;Amulettes;;;;110;102;;;;;;;;;;;;;;;;;;;;;;;;;;;;;;;;;;;;;;;;Bonus +30 Chance Prérequis Sagesse 102 Intelligence 110 Obtention  Bijoutier 82 | ;
Collier en dents d'ours;Amulettes;850;;90;55;;;;35;;;;;;;15;;;;;;;;;;;;;;15;;;10;20;50;30;;;10;;;;;;;Bonus CA +15 Force +35 +15+niveau en esquive Transpercer Armure  +30 Coup Critique +50 Immobilisation +10 Coup Puissant et Coup Assommant +20 Prérequis Force 850 Dextérité 90 Intelligence 55 Obtention Bijoutier 84 | ;
Sautoir éclatant;Amulettes;;;;10;;;;;;;;;;;3;;;;;;;;;;;;;;;;;;;;;;;;;10;;;10;;Bonus CA +3 Vol et chercher +10 Sort aléatoire en cas d'attaque (rare) : multiplie l'or gagné par deux pendant 5 minutes. (Si groupé, les PJ suivants dans la liste du groupe en bénéficieraient aussi ?) | Prérequis Force, Endurance, Dextérité, Sagesse,et Intelligence 10 Obtention Bijoutier 96 | ;
Echarpe;Amulettes;;30;;132;123;;;;;;;;;;15;;;;;;;;;15;15;;;;;;;;;;;;;;;;;;;;Bonus CA +15 Résistances feu air terre eau +12 (a ete modifier juste les 4 de base maintenant) Prérequis Endurance 30 Sagesse 123 Intelligence 132 Obtention Couturier 101 | ;
Joyau du brave;Amulettes;170;140;83;60;83;;500;10;10;10;;20;;;15;;;;;;;;;;;;;50;;50;25;15;20;;10;15;;10;;;;;;;Bonus CA +15 Attaque et Archerie +50 Force et dextérité +10 Endurance et Sagesse +20 Immobilisation +10 Transpercer Armure et Coup Puissant +15 Guérison rapide +15 Coup Assommant +20 Parade +25 Prérequis Force 170 Endurance 140 Dextérité 83 Sagesse et Intelligence 60 Attaque +500 Obtention Bijoutier 76 | ;
Col de satin noir;Amulettes;;18;;56;24;;;;;;10;;;;1;;;;;;;;;;;;;;;;;;;;;;;;;;;;;;Bonus CA +1 Intelligence +10 Prérequis Endurance 18 Sagesse 24 Intelligence 56 Encombrement 1 Obtention Couturier 14 | ;
Protège-nuque en orme;Amulettes;;32;;24;32;;;;;;;;;;2;;;;;;;;;;;;;25;;25;;;;5;;;;;;;;;;;Bonus CA +2 Coup Critique +5 Attaque +25 Archerie +25 Prérequis Endurance 32 Sagesse et Intelligence 24 Encombrement 2 Obtention Ebéniste 13 | ;
Amulette du maudit;Amulettes;390;100;93;513;;;;;;;;;;;12;;;;;;12;6;6;6;6;6;6;;;;;15;15;;15;;;;;;;;;;Bonus CA +12 Puissance nécro et feu +8 Transpercer Armure +15 Coup Puissant  et Coup Assommant +15 Toutes résistances +6 Prérequis Endurance 100 Force +390 Intelligence 513 Dextérité 93 Encombrement 3 Obtention Drop des Chevaliers de la Damnation | ;
Amulette du damné;Amulettes;485;100;98;420;;;;;;;;;;;15;;;;;;15;8;8;8;8;8;8;;;;15;20;15;;8;;;;;;;;;;Bonus CA +15 Puissance nécro et  eau +8 Transpercer Armure et Coup Puissant +20 Parade +15 et Coup Assommant +15 Toutes résistances +8 Prérequis Endurance 100 Force 485 Intelligence 420 Dextérité 98 Encombrement 4 Obtention Bijoutier 80 | ;
Talisman du croisé;Amulettes;420;120;89;100;401;;;40;;;;40;;;13;;;;;15;;;;;;;;;;;25;15;25;;10;;;;20;;;;;;Bonus CA +13 Puissance lumière +15 Coup Assommant +25 Coup Puissant +15 Transpercer Armure +10 Parade +25 Profusion de mana +20 Sagesse et Force +40 Prérequis Endurance 120 Sagesse 401 Intelligence 100 Dextérité 89 Force 420 Encombrement 2 Obtention Bijoutier 90 | ★  ★  ★  ★  ★  ★  ★  ★  ★  ★  ★  ★  ★  ★  ★  ★  ★  ★  ★  ★  ★  ★  ★  ★  ★  ★  ★  ★  ★  ★  ★  ★           Haut de page     N'hésitez pas à signaler les erreurs ou bizarreries que vous pourriez rencontrer sur cette page. Merci. | ;
Les anneaux NMS;Anneaux;;;;;;;;;;;;;;;;;;;;;;;;;;;;;;;;;;;;;;;;;;;;;;
Anneau d'Aquilon;Anneaux;132;60;545;28;46;;;;;;;;;;5;;;;;;;;;;;;;;;;;;15;30;20;;;;;;;;;;Bonus CA +5 Coup Assommant +15 Transpercer Armure +20 Coup Critique +30 Prérequis Force 132 Endurance 60 Dextérité 545 Sagesse 46 Intelligence 28 Encombrement 2 Obtention Bijoutier lvl 58 | ;
Anneau d'Obéron;Anneaux;40;;30;423;423;;;;;;;;;;5;;;12;;;12;;;;;;;;;;;;;;;;;;;;;;;;Bonus CA +5 Puissance air +12 Puissance nécro +5 Puissance lumière -5 Résistance feu -7 Résistance air +5 Prérequis Force 40 Dextérité 30 Sagesse 423 Intelligence 423 Encombrement 2 Obtention Bijoutier lvl 50 | ;
Bague ténébreuse;Anneaux;;;;49;49;;;;;;10;-10;;;5;;;;;;5;;;;;-15;;;;;;;;;;;;;;;;;;;Bonus CA +5 Puissance nécro +10 Puissance lumière -10 Résistance lumière -15 Sagesse -10 Intelligence +10 Prérequis Sagesse 49 Intelligence 49 Encombrement 1 Obtention Coffre Abysses (DI), Kraanian ténébreux (DI) | ;
Anneau de liberté;Anneaux;154;60;607;31;53;;;;;;;;;;10;;;;;;;;;;;;;;;;;15;15;;20;;;;;;;;;;Bonus CA +10 Transpercer Armure +20 Coup Puissant +15 Coup Assommant +15 Prérequis Force 154 Endurance 60 Dextérité 607 Sagesse 53 Intelligence 31 Encombrement 2 Obtention Bijoutier lvl 62 | ;
Anneau de résistance;Anneaux;;;;;;;;;;;;;;;;;;;;;;;;;;;;;;;;;;;;;;;;;;;;;"Boosts CA +5 Résistance nécro +2 Résistance lumière +2 Résistance air +2 Résistance terre +2 Résistance feu +2 Résistance eau +2 Prérequis aucun Obtention Quête du colis de Franc ""le débutant"" sur Arakas | ";
Anneau du pilleur;Anneaux;50;32;;62;63;;;;;;;;;;;;;;;;;;;;;;;;;;;;;;;;;;;;;;;;Boosts CA +2 Chance +3 Compétence piller +15 +2 CA Prérequis Force 50 agilité 65 Endurance 32 Sagesse 63 Intelligence 62 Encombrement 1 Obtention Pilleur de tombe, sous-sol cimetière LH | ;
Anneau de force;Anneaux;;;;;;;;;;;;;;;;;;;;;;;;;;;;;;;;;;;;;;;;;;;;;"Boosts CA +1 Attaque +5% Force +15 | Obtention Quête du colis de Franc ""le débutant"" sur Arakas | ";
Anneau d'endurance;Anneaux;;;;;;;;;;;;;;;;;;;;;;;;;;;;;;;;;;;;;;;;;;;;;"Boosts CA +1 Endurance +15 Guérison rapide +5% | Obtention Quête du colis de Franc ""le débutant"" sur Arakas | ";
Anneau de dextérité;Anneaux;;;;;;;;;;;;;;;;;;;;;;;;;;;;;;;;;;;;;;;;;;;;;"Boosts CA +1 Archerie +5% Dextérité +15 Obtention Quête du colis de Franc ""le débutant"" sur Arakas | ";
Anneau de sagesse;Anneaux;;;;;;;;;;;;;;;;;;;;;;;;;;;;;;;;;;;;;;;;;;;;;"Boosts  CA +1 Sagesse +15 Méditation +5% Obtention Quête du colis de Franc ""le débutant"" sur Arakas | ";
Anneau du froid;Anneaux;;;;42;15;;;;;;5;;;;;;5;;5;;;;5;;;;;;;;;;;;;;;;;;;;;;Bonus Puissance eau +5 Résistance eau +5 Intelligence +5 Puissance feu -5 Prérequis Sagesse 15 Intelligence 42 Encombrement 2 | Obtention Quête du forgeron de Niève | ;
Anneau du cimmérien;Anneaux;238;60;85;30;30;;;15;;10;;;;;;;;;;;;;;;;;;130;-30;130;;10;10;;10;5;;5;;;;;;;Bonus Attaque +130 Archerie +130 Esquive -30 Coup Assommant +10 Coup Puissant +10 Transpercer Armure +10 Guérison rapide +5 Force +15 Dextérité +10 Immobilisation +5 Rage de berserker (augmente parfois la force lors d'un combat) Prérequis Force 238 Endurance 60 Dextérité 85 Sagesse 30 Intelligence 30 | Obtention Draconigus Majeur Invoqué (désert RD), | ;
Anneau béni des hauts althéens;Anneaux;;;;100;75;;;15;15;15;15;15;;;2;;;;;;;;;;;;;;;;;;;;;;;;;;;;;;Bonus CA +2 Force +15 Endurance +15 Dextérité +15 Sagesse +15 Intelligence +15 Lumière permanente Prérequis Sagesse 75 Intelligence 100 Encombrement 1 Obtention Quête des livres de chance Bijoutier lvl 20 | ;
Anneau étoilé;Anneaux;;;;90;115;;;;;;;;;;;;;;;;;;;;;;;;;;;;;;;;;;;;;;;;Boosts +5 CA +20 Sagesse +20 Intelligence +5 Puissance Eau / Feu / Terre / Air / Nécro +5 Résistance Eau / Feu / Terre / Air / Nécro | Prérequis Intelligence 90 Sagesse 115 Encombrement 1 | Obtention Quête des items étoilé de l'île Lune | ;
Anneau de cerfeuil;Anneaux;;;;20;20;;;;;;;;;;;;;;;;;;;;;;;;;;;;;;;;;;;;;;;;Boosts Chance +5 | Prérequis Sagesse 20 Intelligence 20 Obtention Démonicons (AR), salon de jeu (SH) | ;
Chevalière des héros;Anneaux;650;200;85;;;;500;;;;;;;;;;;;;;;;;;;;;;;;;20;20;;20;;;;;;;;;;Bonus +5 CA +20 Transpercer Armure +20 Coup Puissant +20 Coup Assommant On ne peut pas porter l'anneau du sans peur avec. | Prérequis Force 650 Endurance 200 Dextérité 85 Attaque 500 Encombrement 2 | Obtention Bijoutier lvl 36 | ;
Anneau des séismes;Anneaux;40;60;30;101;623;;;;;;;;;;;;;;;-5;;;;;;;;;5;;;;;;;;;;;;;;;;Bonus +5 CA +5% Esquive -5 Puissance lumière +12 Puissance terre +5 Résistance terre -7 Résistance air | Prérequis Force 40 Endurance 60 Dextérité 30 Sagesse 623 Intelligence 101 Encombrement 2 | Obtention Bijoutier  lvl 54 | ;
Anneau de l'endurant;Anneaux;299;300;;;351;;;30;30;;;30;;;;;;;;;;;;;;;;;-25;;20;5;10;;10;15;;15;;;;;;;Bonus +36 CA -25 Esquive +15 Guérison rapide +10 Transpercer l'armure +20 Parade +5 Coup puissant +10 Coup assommant +30 Sagesse +30 Force +30 Endurance +15 Immobilisation | Prérequis Force 299 Endurance 300 Sagesse 351 Encombrement 3 Obtention Bijoutier lvl 72 | ;
Anneau climatérique;Anneaux;;;;185;120;;;;;;;;;;;;;;;;;;;;;;;;;;;;;10;;;;;20;;;;;;Bonus +5 CA +5 Puissance air +5 Puissance eau +5 Puissance feu +5 Puissance terre +5 Puissance lumière +5 Puissance nécromancie +10% Coup Critique +20 Profusion de mana | Prérequis Intelligence 185 Sagesse 120 Obtention Rejeton du Cerberus | ;
Anneau de feu;Anneaux;;;;125;60;;;;;;20;;;;;;;;20;-15;;;;;;;;;;;;;;;;;;;;;;;;;Bonus  +5 CA +5 Puissance feu +20 Intelligence -15 Puissance lumière -15 Résistance lumière -15 Puissance eau -15 Résistance eau | Prérequis Intelligence 125 Sagesse 60 Encombrement 1 Obtention Coffres DI, Draconigus Invoqué Majeur (désert RD) | ;
Anneau du chasseur;Anneaux;10;10;10;10;10;;;;;;;;;;;;;;;;;;;;;;;;;;;;;;;;;;;;;;;;Bonus Se déclenche aléatoirement. Double alors l'xp obtenue durant 3 minutes (hors quêtes et coffres) | Prérequis Intelligence 10 Sagesse 10 Endurance 10 Dextérité 10 Force 10 Encombrement 2 Obtention Bijoutier lvl 102 | ;
Anneau incendiaire;Anneaux;40;60;30;574;20;;;;;;;;;;;;;;;;;;;;;;;;;;;;;;;;;;;;;;;;Bonus +5 CA +12 Puissance feu +5 Résistance feu +5 Puissance nécro -5 Puissance eau -7 Résistance eau | Prérequis Intelligence 574 Sagesse 20 Endurance 60 Dextérité 30 Force 40 Encombrement 2 Obtention Bijoutier lvl 78 | ;
Anneau d'hibernation;Anneaux;40;60;30;538;18;;;;;;;;;;;;;;;;;;;;;;;;;;;;;;;;;;;;;;;;Bonus +5 CA +12 Puissance eau +5 Résistance eau +5 Puissance nécro -5 Puissance feu -7 Résistance feu | Prérequis Intelligence 538 Sagesse 18 Endurance 60 Dextérité 30 Force 40 Encombrement 2 Obtention Bijoutier lvl 44 | ;
Anneau de combat Centaure;Anneaux;445;100;77;;328;;;20;;15;;30;;;;;;;;;;;;;;;;;;;5;5;5;;15;10;;10;;;;;;;Bonus +12 CA +5 Parade +5 Coup Puissant +5 Coup Assommant +15 Transpercer Armure +10 Immobilisation +10 Guérison rapide +20 Force +15 Dextérité +30 Sagesse | Prérequis Sagesse 338 (anc 328 4/4/18) Endurance 100 Dextérité 77 Force 420 (anc 445) Encombrement 2 Obtention Bijoutier lvl 66 | ;
Anneau en ivoire d'Agamaoth;Anneaux;190;40;850;36;59;;;30;;30;;;;;;;;;;;;;;;;;;;;;;20;20;30;20;;;10;;;;;;;Bonus +12 CA +20 Coup Assommant +30 Coup Critique +20 Coup Puissant +10 Immobilisation +20 Transpercer Armure +30 Force +30 Dextérité | Prérequis Dextérité 850 Intelligence 36 Sagesse 59 Endurance 40 Force 190 Encombrement 3 Obtention Bijoutier lvl 86 | ;
Bague comminatoire;Anneaux;168;;92;75;70;;;;;;;;;;;;;;;;;;;;;;;;;;;10;;;10;;;;;;;;;;Bonus +5 CA +10 Transpercer Armure +10 Coup Puissant | Prérequis Intelligence 75 Sagesse 70 Dextérité 92 Force 168 Encombrement 2 Obtention Drake Dixtor Supérieur (cave village Skraugs rouges SH) | ;
Chevalière de Stagnation;Anneaux;136;;95;85;80;;;;;;;;;;;;;;;;;;;;;;;;;;;10;;;;;;20;;;;;;;Bonus +5 CA +20 Immobilisation +10 Coup Puissant | Prérequis Intelligence 85 Sagesse 80 Dextérité 95 Force 136 Encombrement 2 Obtention Les deux coffres ivoire du -4 | ;
Anneau climatérique;Anneaux;;;;185;120;;;;;;;;;;;;;;;;;;;;;;;;;;;;;;;;;;;;;;;;Bonus +5 CA +5 puissance Air +5 puissance Feu +5 puissance Eau +5 puissance Terre +5 puissance Lumière +5 puissance Nécro | Prérequis Intelligence 185 Sagesse 120 Encombrement 2 Obtention Rejeton du Cerberus (Académie -4) | ;
Cercle d'obsidienne;Anneaux;400;100;100;500;;;;;;;;;;;;;;;;;;;;;;;;;;;;;;;;;;;;;;;;;Bonus Sert plus ancient Ante | Prérequis Intelligence 500 Endurance 100 Dextérité 100 Force 400 Encombrement 2 Obtention Chevalier de la damnation, Saalyel | ;
Sceau du Seigneur de Guerre;Anneaux;510;100;95;400;;;;25;;;25;;;;;;20;;;;;;;;;;;;;;;20;10;;20;;;;;;;;;;Bonus +10 CA +3 Puissance Nécro +3 puissance Eau +20 Transpercer Armure +20 Coup Puissant +10 Coup Assommant +25 Intelligence +25 Force | Prérequis Intelligence 400 Endurance 100 Dextérité 95 Force 510 Encombrement 2 Obtention Bijoutier lvl 86 | ;
Anneau du sans peur;Anneaux;909;100;95;114;62;;500;;;;;;;;;;;;;;;10;10;;10;;;;50;;;16;16;;16;;;;;;;;;;Bonus +5 CA +50 Esquive +5 Immob +16 Transpercer Armure +16 Coup Puissant +16 Coup Assommant +10 Résist terre eau feu air N'offre aucun bonus si la chevaliere des héros est équippée | Prérequis Force 1009 (anc 909) Intelligence 114 Sagesse 62 Endurance 60 (anc 100) Dextérité 95 Attaque 500 Encombrement 2 Obtention Bijoutier lvl 96 | ;
Chevalière du croisé;Anneaux;400;100;93;110;417;;;25;;;;25;;;;;;;;25;;;;;;;;;-10;;20;12;20;;8;;;;12;;;;;;Bonus +9 CA -10 Esquive +20 Coup Assommant +12 Coup Puissant +8 Transpercer Armure +20 Parade +12 Profusion de mana +12 Puissance Lumière +25 Sagesse +25 Force | Prérequis Sagesse 417 Intelligence 110 Endurance 100 Dextérité 93 Force 400 Encombrement 1 Obtention Bijoutier lvl 92 | ;
Bague en argent ornée de trèfles;Anneaux;;;;;;;;;;;;;;;;;;;;;;;;;;;;;;;;;;;;;;;;;;;;;Bonus Chance : +13 | Prérequis Aucun Obtention Quête des livres de chance (DI), donjon les bijoux d'Eléonore... | ;
Anneau de l'apprenti bijoutier, armurier... (existe pour chaque métier);Anneaux;;;;;;;;;;;;;;;;;;;;;;;;;;;;;;;;;;;;;;;;;;;;;"Bonus Augmente le taux de réussite des recettes du métier correspondant de 2% Prérequis Encombrement 1 | Obtention Tous : Donjon des Académiciens ""la tour"" (pour 200+) Forgeron : Cadeau de la princesse Delilah (RD) | ";
Anneau du bijoutier, armurier... (existe pour chaque métier);Anneaux;;;;;;;;;;;;;;;;;;;;;;;;;;;;;;;;;;;;;;;;;;;;;Bonus Augmente le taux de réussite des recettes du métier correspondant de 4% non cumulable avec l'anneau de l'apprenti (n'équipez donc jamais l'anneau de l'apprenti en premier) Prérequis Encombrement 1 | Obtention Donjon Les bijoux d'Eléonore | Attention !! : le taux maximum de réussite d'un craft est toujours limité à 99%, quel que soit l'équipement | ★  ★  ★  ★  ★  ★  ★  ★  ★  ★  ★  ★  ★  ★  ★  ★  ★  ★  ★  ★  ★  ★  ★  ★  ★  ★  ★  ★  ★  ★  ★  ★           Haut de page     N'hésitez pas à signal;
Les bracelets NMS;Bracelets;;;;;;;;;;;;;;;;;;;;;;;;;;;;;;;;;;;;;;;;;;;;;;
Bracelet d'or (T4C et bijoutier NMS);Bracelets;;;;21;24;;;2;;2;;;;;1;;;;;;;;;;;;;;;;;;;;;;;;;;;;;;Bonus CA +1 Dextérité et Force +2 Prérequis Sagesse 24 Intelligence 21 Encombrement 1 Obtention Métiers : Bijoutier 4 | ;
Bracelet en pépins de citrouilles;Bracelets;;;;;;;;;;;;;;;;;;;;;;;;;;;;;;;;;;;;;;;;;;;;;Bonus/malus Chance +5 Résistances terre, air, eau, feu, nécro -3 Prérequis Encombrement 2 Obtention Halloween : Le repaire des sorcières | ;
Bracelet en peau de troll;Bracelets;;68;;39;37;;;;;;;;;;5;;;;;;;;;;;;;;;;;;;;;5;30;;;;;;;;Bonus CA +5 Guérison rapide et Méditation +30 Prérequis Sagesse 37 Intelligence 39 Endurance 68 Encombrement 1 Obtention Métiers : Couturier 17 | ;
Canon de maille de fureur Berserker;Bracelets;238;;;;;;;;;;;;;;2;;;;;;;;;;;;;;;;;;;;;;;;;;;;;;Bonus CA +2 Fureur Berserker ? Prérequis Force 238 Encombrement 2 | ;
Bracelet des sables;Bracelets;360;54;95;63;63;;800;16;;;16;10;;;5;10;;;;;;;;;;;;100;-10;;;;;;;;;15;;;;;;;Bonus/malus CA +5 Attaque 100 + (Niveau*3) Esquive -10 Immobilisation +15 Force +16 Intelligence et Sagesse  +10 Puissance terre +10 Puissance feu -10 Résistance nécro -20 Résistance air +20 Résistance terre +10 Résistance feu -10 Résistance eau -5 Prérequis Force 360 Endurance 54 Dextérité 95 Sagesse 63 Intelligence 63 Attaque 800 Obtention Beholder, Coffres dans la cave des Trolls Erudits de Drake Island, Gardiens du désert. | ;
Bracelet Humterre;Bracelets;50;100;;75;75;;;;;;;;;;;;;;;;;;;;;;;;;;;;;;;;;;;;;;;;Boosts CA +15 Force +30 Endurance +20 Dextérité +20 Intelligence +20 Sagesse +20 Résistance nécro +10 Résistance air +10 Résistance terre +10 Résistance eau -20 Prérequis Force 50 Endurance 100 Sagesse 75 Intelligence 75 Obtention Coffre sud de DI, Séraphin intrus / Néphilim intrus / Démon terreux (cave Humterre) | ;
Bracelet de Puissance;Bracelets;;;;24;29;;;;;;;;;;;;;;;;;;;;;;;;;;;;;;;;;;;;;;;;Boosts CA +1 Force +5 Attaque +5 Prérequis Sagesse 29 Intelligence 24 Obtention Gobelin hargneux (labyrinthe d'Arakas), chef de guerre gobelin, Griroesh (cave Jarko), Bugar Sakkor | ;
Bracelet Volcanique;Bracelets;20;100;;497;19;;;;;;25;;;;2;;;;;;;;25;;;;;;-2;;;;;;;;;;;;;;;;Bonus CA +2 Esquive -2 Intelligence +25 Résistance eau -10 Puissance feu +10 Résistance feu +15 Puissance eau -5 Prérequis Force 20 Endurance 100 Sagesse 19 Intelligence 497 Encombrement 3 Obtention Métier : Bijoutier 40 | ;
Bracelet d'Hibernation;Bracelets;30;100;;473;61;;;;;;25;;;;5;;;;;;;25;;;;;;;-2;;;;;;;;;;;;;;;;Bonus CA +5 Esquive -2 Intelligence +25 Résistance terre -10 Puissance feu -5 Résistance eau +15 Puissance eau +10 Prérequis Force 30 Endurance 100 Sagesse 61 Intelligence 473 Encombrement 3 Obtention  Bijoutier 36 | ;
Bracelet de Subsolanus;Bracelets;20;100;;100;284;;;;;;;16;;;5;;;10;;;;;;15;16;;;;-2;;;;;20;;;;;;;;;;;Bonus CA +5 Esquive -2 Puissance air +10 Intelligence et Sagesse +16 Résistance feu -10 Puissance lumière -5 Résistance air +15 Coup Critique +20 Prérequis Force 20 Endurance 100 Intelligence et Sagesse 284 Encombrement 3 Obtention  Bijoutier 40 | ;
Protège poignet d'archer;Bracelets;160;120;780;27;100;;;;;;;;;;;;;;;;;;;;;;;;;;;;;;;;;;;;;;;;Boosts CA +5 +15% archerie +12 coup puissant +3 Résistance terre eau feu air nécro Prérequis Force 160 Endurance 80 (anc 120 maj 4/4/18) Dextérité 780 (anc de 720 maj 4/4/18) Intelligence 27 et Sagesse 14 (anc 100 et 100 maj 4/4/18) Obtention Couturier 100 | ;
Bracelet en or pur;Bracelets;400;100;;176;299;;;20;;;;20;;;20;;;;;15;;;;;;;;;-30;;;;;0;;;;;;;;;;;Bonus CA +20 -30 Esquive +20 Sagesse et Force +15 Puissance lumière +7 Résistance terre eau feu nécro +0 Coup critique Prérequis Force 400 Endurance 100 Sagesse 299 Intelligence 176 Encombrement 3 Obtention  Bijoutier 48 | ;
Bracelet de terre sacrée;Bracelets;20;100;;123;421;;;;;;;25;;;5;25;;;;;;;;-10;;;;;;;;;;20;;;;;;;;;;;Bonus CA +5 Sagesse +25 Puissance terre +10 Puissance lumière -5 Résistance terre +15 Résistance air -10 Coup Critique +20 Prérequis Force 20 Endurance 100 Sagesse 421 Intelligence 123 Encombrement 3 Obtention  Bijoutier 80 | ;
Bracelet en ivoire incrusté de perles;Bracelets;30;100;;29;673;;;;;;;30;;;5;;;-5;;5;;5;5;5;5;5;5;;50;;;;;;;;;;;;;;;;Bonus CA +5 Puissance lumière +10 Puissance air -5 Esquive +50 Sagesse +30 Résistance terre air eau feu +5 Résistance nécro -5 Prérequis Force 30 Endurance 100 Sagesse 673 Intelligence 29 Encombrement 3 | Obtention  Bijoutier 90 | ;
Bracelet d'obsidienne;Bracelets;333;100;85;300;;;;;;;;;;;;;;;;;;;;;;;;;;;;;;;;;;;;;;;;;Bonus Sert plus ancient item ante Prérequis Force 333 Endurance 100 Dexterité 85 Intelligence 300 | Obtention Drop des Chevaliers de la Damnation (Château du désert DI) | ;
Bracelet incrusté d'ampélites;Bracelets;30;100;;823;46;;;;;;;;;;5;;;;;;5;;;;;;;;;;;;;;;;;;;;;;;;Bonus CA +5 Puissance nécro +12 Résistance nécro +15 Résistances terre air eau feu -5 Prérequis Force 30 Endurance 100 Sagesse 46 Intelligence 823 Encombrement 3 | Obtention Bijoutier 94 | ;
Bracelet du preux;Bracelets;400;370;90;90;86;;;30;;;;18;;;12;;;;;;;18;18;;;;;;-8;;8;;12;;;;;;;;;;;;Bonus CA +12 Immob +10 (new) Coup Assommant +12 Parade +8 Force et Sagesse +30 (anct +18) Résistance terre eau air feu +8 (anct +2 dont nécro) Esquive -8 Prérequis Endurance 340 (anct 370) Force 430 (anct 400) Dext 90 Intelligence et Sagesse 86 Encombrement 3 | Obtention Métiers : Bijoutier 90 | ;
Bracelet Catalyseur de puissance (T4C et bijoutier NMS);Bracelets;83;110;50;110;182;;;;;;8;24;;;8;-5;-5;-5;-5;-5;-5;;;;;;;;;;;;;;;;;;15;;;;;;Bonus CA +8 Intelligence et Sagesse +24 Profusion de mana +15 +8 puissance terre, eau, feu, air -5 puissance nécro (+8 avant maj) 0 puissance lumière (+8 avant maj) Prérequis Force 83 Endurance 110 Intelligence et Sagesse 182 Dextérité 50 Encombrement 3 Obtention Métiers : Bijoutier 96 | ;
Bracelet des gens heureux;Bracelets;;;;;;;;;;;;;;;;;;;;;;;;;;;;;;;;;;;;;;;;;;;;;Bonus Chance +15 Résistances air eau feu terre -10 Prérequis Encombrement 2 Obtention Donjon de la chapelle enfouie | ;
Bracelet  Gobelin;Bracelets;;24;;43;10;;;;;;;;;;;;;;;;;;;;;;;;;;;;;;;30;30;;;;;;;;Bonus +5 Classe Armure +30 Guérison Rapide +30 Méditation | Prérequis Endurance 24 Sagesse 10 Intelligence 43 Encombrement  1 Obtention Gobelin ??? | ★  ★  ★  ★  ★  ★  ★  ★  ★  ★  ★  ★  ★  ★  ★  ★  ★  ★  ★  ★  ★  ★  ★  ★  ★  ★  ★  ★  ★  ★  ★  ★           Haut de page     N'hésitez pas à signaler les erreurs ou bizarreries que vous pourriez rencontrer sur cette page. Merci. | ;
Les Boucliers;Boucliers et Focus;;;;;;;;;;;;;;;;;;;;;;;;;;;;;;;;;;;;;;;;;;;;;;
Bol du dragon;Boucliers et Focus;;;;;;;;;;;;;;;;;;;;;;;;;;;;;;;;;;;;;;;;;;;;;"Bonus +10 CA +10 chance (+10 +level/5) all stat | Prérequis Encombrement 5 | Obtention : Quête ""la chasse aux Dragons"" | ";
Targe en frêne;Boucliers et Focus;;40;;;;;;;;;;;;;;;;;;;;;;;;;;;-5;;5;;;;;;;;;;;;;;Bonus +3 CA +5 Parade -5 Esquive | Prérequis Endurance 40 Encombrement 6 | Obtention : Ebéniste level 7 | ;
Rondache en orme;Boucliers et Focus;;45;;;;;;;;;;;;;;;;;;;;;;;;;;;-12;;;;5;;;;;;;;;;;;Bonus +4 CA +5 Coup Assommant -12 Esquive | Prérequis Endurance 45 Encombrement 6 | Obtention : Ebéniste level 16 | ;
Bouclier ancien de la garde d'Orkanis;Boucliers et Focus;;65;;65;25;;;;;;;;;;;;;;;;;3;3;3;3;3;3;;;;;;;;;;;;;;;;;;Bonus +3 CA +3 all résist -? Esquive | Prérequis Endurance 65 Intelligence 65 Sagesse 25 Encombrement 7 | Obtention : Armurier level 22 | ;
Bouclier du Froid;Boucliers et Focus;;120;;;;;;;;;;;;;;;;;;;;;;;-10;;;;-17;;;;;;;;;;;;;;;;"Bonus +8 CA Puissance eau +5 Résistance eau +10 Puissance feu -5 Résistance feu -10 Esquive -17 | Prérequis Endurance 120 Encombrement 12 | Obtention : Quête ""Le Forgeron de Niève"" | ";
Rondache du froid intense;Boucliers et Focus;;125;;111;34;;;;;;;;;;;;;;;;;;;;-10;;;;-19;;;;;;;;;;;;;;;;Bonus +8 CA Puissance eau +5 Résistance eau +5 Puissance feu -10 Résistance feu -10 Esquive -19 | Prérequis Endurance 125 Sagesse 34 Intelligence 111 Encombrement 8 | Obtention : Armurier level 49 | ;
Pavois de Serisiss;Boucliers et Focus;;140;;;;;;;;;;;;;;;;;;;;;;;;;;;;;;;;;;;;-5;;;;;;;Bonus +8 CA -10 all caractéristiques -5 Immobilisation | Prérequis Endurance 140 Encombrement 10 | Obtention : Armurier level 70 | ;
Bouclier des abysses;Boucliers et Focus;;45;;45;45;;;;;;;;;;;10;;;;;;;;;;;;;;;;;;;;;;;;;;;;;Bonus :+20 CA ,+10 puissance terre / nécro,+10 résist terre/nécro, -10 puissance feu / lumière, -10 résist feu / lumière. | Prérequis :80 Endurance, 45 sagesse et intel | Obtention : Beholder des Abysses (DI) | ;
Bouclier B'Ronkhanique;Boucliers et Focus;350;220;;;;;800;;;;;;;;;;;;;;;;;;;;;;;;5;15;15;;5;;;;;;;;;;Bonus : +28 CA, +15 Coup Assommant +15 Coup Puissant, +15 Parade, +5 Transpercer armure | Prérequis : Force 350, Endurance 220, Attaque 800 | Obtention : Drakes B'Ronkhan, cave Humterre (DI) | ;
Bouclier des Hautes Créatures;Boucliers et Focus;240;300;80;;;;1000;;;;;;;;;;;;;;;;;;;;;;;;5;5;5;;;;;;;;;;;;Bonus : +41 CA, +25 Parade, +5 Coup Puissant, +5 Coup Assommant | Prérequis : Force 240, Endurance 300, Dextérité 80, Attaque 1000 | Obtention : Skraugs bleus, île Lune | ;
Bouclier de Liridell (cabossé, de qualité, enchanté);Boucliers et Focus;;370;;;;;;;;;;;;;;;;;;;;;;;;;;;-200;;10;;;;;;;;;;;;;;Bonus : +52 CA, +25 Parade | cabossé : +65 CA, +10CP et parade, -200 esquive de qualité : +52 CA, +25 Parade, +10 CP enchanté : +52 CA, +25 Parade, +10 CP, sort météore aléatoire | Prérequis : Endurance 370 | Obtention : Dragon Liridell (DI) | ;
Bouclier Métrolite;Boucliers et Focus;350;220;;;;;800;;;;;;;;;;;;;;;;;;;;;;;;5;15;15;;5;;;;;;;;;;Bonus : +28 CA, +15 Coup Assommant, +15 Coup Puissant, +15 Parade, +5 Transpercer armure | Prérequis : Force 350, Endurance 220, Attaque 800 | Obtention : Quête d'Eiden | ;
Bouclier du preux et Bouclier du preux noir;Boucliers et Focus;400;340;80;;300;;;;50;;;;;;;;;;;;;5;5;5;5;5;5;;-85;;40;10;;;;;;5;;;;;;;Bonus : | +71 CA -85 esquive +5 Puissance lumière -10 résist nécro +5 résist lumière +5 immobilisation +10 Coup Puissant +40 Parade +50 Endurance +5 all résist | Prérequis : Force 400, Endurance 340, Dextérité 80, Sagesse 300, Encombrement 14 | Obtention : Armurier level 100 | Obtention version noire : Armurier level 100 | ;
Ecu du croisé et Ecu du croisé noir;Boucliers et Focus;469;220;95;120;350;;;;;;;;;;;;;;;;;5;5;5;5;5;5;;-55;;12;12;12;;12;;;;8;;;;;;Bonus : | +25 CA -55 esquive +12 Coup Assommant +12 Coup Puissant +12 Parade +12 Transpercer Armure +8 Profusion de mana +10 puissance lumière +5 résist air feu eau terre -15 résist nécro (anc +10 maj du 4/4/18) | Prérequis : Force 469, Endurance 220, Dextérité 95, Intelligence 120, Sagesse 350, Encombrement 4 | Obtention : Armurier level 100 | Obtention version noire : Armurier level 100 | ;
Targe du belluaire et Targe du belluaire noire;Boucliers et Focus;736;340;;;;;;;;;;;;;;;;;;;;;;;;;;;;;30;30;20;;;;;;;;;;;;Bonus : +48 CA, +15 Coup Assommant, +20 Coup Puissant, +30 Parade | Prérequis : Force 736, Endurance 340, Encombrement 11 | Obtention : Armurier level 108 | Obtention version noire : Armurier level 108 | ;
Bouclier du pourfendeur de mage;Boucliers et Focus;800;100;97;156;34;;800;;;;;;;;;;;;;;;12;12;12;12;12;12;;;;;15;15;;15;;;;;;;;;;Bonus : +17 CA, +15 Coup Assommant, +15 Coup Puissant, +15 Transpercer Armure, +45 Force, +12 all résist | Prérequis : Force 500, Attaque 800, Endurance 100, Intelligence 156, Sagesse 34, Dextérité 97, Encombrement 6 | Obtention : Armurier level 108 | ;
Focus;Boucliers et Focus;;;;;;;;;;;;;;;;;;;;;;;;;;;;;;;;;;;;;;;;;;;;;;
Améthyste focus de pouvoir;Boucliers et Focus;;;;28;97;;;;;;;;;;;;;;;;;;;;;;;;;;;;;;;;;;;;;;;;Bonus :+25 puissance lumière, -15 puissance nécro, -10 résistance nécro terre eau feu, +20 retour à la vie | Prérequis : Sagesse 97, Intelligence 28 | Obtention : Liridell | ;
Onyx focus de pouvoir (équilibrage);Boucliers et Focus;;;;112;21;;;;;;;;;;;-10;-10;-10;-10;-10;-10;-10;-10;-10;-10;-10;-10;;;;;;;;;;;;;;;;;;Bonus :+25 puissance nécro, -15 puissance eau feu, -10 résistance air terre eau feu | Prérequis : Sagesse 21, Intelligence 112 | Obtention : Liche ancestrale | (les focus Rubis (feu), Saphir (eau), Diamant (air) et Emeraude (terre), ne sont pas spécifiques à NMS). | ;
Pierre étoilée;Boucliers et Focus;;;;60;60;;;;;;;;;;;-10;-10;-10;-10;-10;-10;-10;-10;-10;-10;-10;-10;;;;;;;;;;;;;;;;;;Bonus :+18 all puissances / -10 all résistances | Prérequis : Sagesse 60, Intelligence 60 | Obtention : Quête des items étoilés de l'ile Lune | ★  ★  ★  ★  ★  ★  ★  ★  ★  ★  ★  ★  ★  ★  ★  ★  ★  ★  ★  ★  ★  ★  ★  ★  ★  ★  ★  ★  ★  ★  ★  ★           Haut de page     N'hésitez pas à signaler les erreurs ou bizarreries que vous pourriez rencontrer sur cette page. Merci. | ;
Les Armes de Mêlée NMS;Armes de mêlée;;;;;;;;;;;;;;;;;;;;;;;;;;;;;;;;;;;;;;;;;;;;;;
0 Gourdin de Gob' (+3);Armes de mêlée;;;;;;;;;;;;;;;;;;;;;;;;;;;;50;;;;;;;;;;;;;;;;;Prérequis : néant Dommages : 3-6 Bonus : +50% attaque Prix de vente : 38 Encombrement : 8 Obtention :  Forgeron 1 Divers : 1 main | ;
24 Rapière du bretteur (+3);Armes de mêlée;24;;;;;;;;;;;;;;;;;;;;;;;;;;;50;;;;;;;;;;;;;;;;;Prérequis : Force 24 Dommages : 9-16 Bonus : +50% attaque Prix de vente : 806 Encombrement : 7 Obtention :  Forgeron 3 Divers : 1 main | ;
24 Dague en ivoire (+3);Armes de mêlée;24;;;;;;;;;;;;;;;;;;;;;;;;;;;50;;;;;;;;;;;;;;;;;Prérequis : Force 24 Dommages : 9-15 Bonus : +50% Attaque Prix de vente : 805 Encombrement : 4 Obtention : Gobelin Farfelu, Forgeron 5 | ;
33 Cimeterre à pommeau isolant;Armes de mêlée;33;;;;;;;;;;;;;;;;;;;;;;;5;;;;;;;;;;;;;;;;;;;;;Prérequis : Force 33 Dommages : 10-18 Bonus : +10 force, +5 résist air Encombrement : 7 Obtention : Forgeron 7 | ;
39 Cognée de bucheron (+3);Armes de mêlée;39;;;;;;;;;;;;;;;;;;;;;;;;;;;50;;;;;;;;;;;;;;;;;Prérequis : Force 39 Dommages : 20-33 Bonus : +50% attaque Prix de vente : 3.148 Encombrement : 10 Obtention : Forgeron 9 Divers : 1 main | ;
40 Masse des Ogres (+3);Armes de mêlée;41;;;;41;;;;;;;;;;;;;;;;;;;;;;;50;;;;;;;;;;;;;;;;;Prérequis : Force 40, sagesse 41 Dommages : 26-42 Bonus : +50% attaque Prix de vente : 7.021 Encombrement : 9 Obtention : Forgeron 13 Divers : 1 main | ;
53 Epée courte d'Orkanis (+3);Armes de mêlée;53;;;;;;;;;;;;;;;;;;;;;;;;;;;50;;;;;;;;;;;;;;;;;Prérequis : Force 53 Dommages : 24-38 Bonus : +50% attaque Prix de vente 7.021 Encombrement : 6 Obtention : Forgeron 15, Prolifique  (Arakas, île aux Démonicons) Divers : 1 main | ;
53 Fleuret;Armes de mêlée;53;;;;;;;;;;;;;;;;;;;;;;;;;;;;;;;;;;;;;;;;;;;;Prérequis : Force 53 Dommages : 16-25 Prix de vente : 1.755 Encombrement : 6 Obtention : Prolifique (Arakas, île aux Démonicons) Divers : 1 main | ;
53 Epée du froid;Armes de mêlée;53;;;;;;;20;;20;;;;;;;;;;;;;;;;;;20;;;;;;;;;;;;;;;;;"Prérequis : Force 53 Dommages : 26-43 Bonus : +5 Dext et Force, +20% attaque, lance parfois un sort de glace (type ""gel"") Encombrement : 6 Obtention : Gobelin gardien des glaces Divers : 1 main | ";
53 Epée du froid de main gauche (dual);Armes de mêlée;53;;;;;;;20;;20;;;;;;;;;;;;;;;;;;20;;;;;;;;;;;;;;;;;"Prérequis : Force 53 Dommages : 26-43 Bonus : +5 Dext et Force, +20% attaque, lance parfois un sort de glace (type ""gel"") Encombrement : 6 Obtention : Gobelin gardien des glaces Divers : Main gauche | ";
68 Couteau de cuisine Nain (+3);Armes de mêlée;68;;;;;;;;;;;;;;;;;;;;;;;;;;;50;;;;;;;;;;;;;;;;;Prérequis : Force 68 Dommages : 40-58 Bonus : +50% attaque Prix de vente : 12.430 Encombrement : 4 Obtention : Forgeron 17 Divers : 1 main | ;
70 Lance d'alourdissement (2 mains);Armes de mêlée;40;;;42;40;;;;;;;;;;;;;;;;;;;;;;;;;;;;;;;;;;;;;;;;Prérequis : Force 70, Sagesse 40, Intelligence 42 Dommages : 21-25 Bonus : ?? Prix de vente : ? Encombrement : 8 Obtention : Ebéniste 43 Divers : 2 mains | ;
71 Épée d'argent (2 mains);Armes de mêlée;71;;;;;;;;;;;;;;;;;;;;;;;;;;;;;;;;;;;;;;;;;;;;Prérequis : Force 71 Dommages : 59-92 Prix de vente : 11.324 Encombrement : 8 Obtention : Dragon Freidaclan (RD) Divers : 2 mains | ;
80 Lance d'alourdissement important (2 mains);Armes de mêlée;43;;;56;43;;;;;;;;;;;;;;;;;;;;;;;;;;;;;;;;;;;;;;;;Prérequis : Force 80, Sagesse 43, Intelligence 56 Dommages : 21-30 Bonus : ?? Prix de vente : ? Encombrement : 8 Obtention : Ebéniste 67 Divers : 2 mains | ;
82 Sabre à crosse de nacre (+3);Armes de mêlée;82;;;;;;;;;;;;;;;;;;;;;;;;;;;50;;;;;;;;;;;;;;;;;Prérequis : Force 82 Dommages : 42-66 Bonus : +50% attaque Prix de vente : 19.372 Encombrement : 8 Obtention : Forgeron 19 Divers : 1 main | ;
97 Dague d'obscurantis (+3);Armes de mêlée;97;;;;;;;;;;;;;;;;;;;;;;;;;;;50;;;;;;;;;;;;;;;;;Prérequis : Force 97 Dommages : 61-87 Bonus : +50% attaque Prix de vente : 27.849 Encombrement : 4 Obtention : Forgeron 27 Divers : 1 main | ;
97 Dague d'obscurantis de main gauche (dual) (+3);Armes de mêlée;97;;;;;;;;;;;;;;;;;;;;;;;;;;;50;;;;;;;;;;;;;;;;;Prérequis : Force 97 Dommages : 61-87 Bonus : +50% attaque Prix de vente : 27.849 Encombrement : 4 Obtention : Forgeron 29 Divers : main gauche | ;
126 Dague de jade (+3);Armes de mêlée;126;;;;;;;;;;;;;;;;;;;;;;;;;;;50;;;;;;;;;;;;;;;;;Prérequis : Force 126 Dommages : 82-115 Bonus : +50% attaque Prix de vente : 49.404 Encombrement : 4 Obtention : Forgeron 36 Divers : 1 main | ;
140 Épée incrustée de glace de main gauche (dual) (+3);Armes de mêlée;140;;;;;;;;;;;;;;;;;;;;;;;;;;;50;;;;;;;;;;;;;;;;;"Prérequis : Force 140 Dommages : 74-115 Bonus : +50% attaque, une chance de lancer un sort de glace (type ""gel"") Prix de vente : 19.620 Encombrement : 8 Obtention : Quête Le Forgeron Durikh Divers : Main gauche | ";
155 Cimeterre du Zéphyr (+3);Armes de mêlée;155;;;;;;;;;;;;;;;;;;;;;;;;;;;50;;;;;;;;;;;;;;;;;Prérequis : Force 155 Dommages 87-134 Bonus : +50% attaque Prix de vente 77.094 Encombrement : 8 Obtention : Forgeron 41 Divers : 1 main | ;
155 Cimeterre du Zéphyr de main gauche (dual) (+3);Armes de mêlée;155;;;;;;;;;;;;;;;;;;;;;;;;;;;50;;;;;;;;;;;;;;;;;Prérequis : Force 155 Dommages 87-134 Bonus : +50% attaque Encombrement : 8 Obtention : Forgeron 48 Divers : Main gauche | ;
155 Hachette d'acier fin (+3);Armes de mêlée;155;;;;;;;;;;;;;;;;;;;;;;;;;;;50;;;;;;;;;;;;;;;;;Prérequis : Force 155 Dommages 94-145 Bonus : +50% attaque Encombrement : 10 Obtention : Forgeron 49 Divers : 1 main | ;
155 Hachette d'acier fin de main gauche (dual) (+3);Armes de mêlée;155;;;;;;;;;;;;;;;;;;;;;;;;;;;50;;;;;;;;;;;;;;;;;Prérequis : Force 155 Dommages 94-145 Bonus : +50% attaque Encombrement : 10 Obtention : Forgeron 51 Divers : Main gauche | ;
175 Poings du pugiliste (2 mains) (+2);Armes de mêlée;39;;;78;39;;;;;;;;;;;;;;;;;;;;;;;30;;;;;;;;;;;;;;;;;Prérequis : Force 175, Sagesse 39, Intelligence 78 Dommages : 92-141 Bonus : +6 CA, +30% attaque Encombrement : 8 Obtention : Armurier 78 Divers : 2 mains | ;
184 Dague de l'assassin de main gauche (dual) (+3);Armes de mêlée;184;;;;;;;;;;;;;;;;;;;;;;;;;;;50;;;;;;;;;;;;;;;;;Prérequis : Force 184 Dommages : 100-153 Bonus : +50% attaque Prix de vente : 0 Encombrement : 5 Obtention : Forgeron 53 Divers :  main gauche | ;
184 Hache de guerre Baatorienne (2 mains) (+3);Armes de mêlée;184;;;;;;;;;;;;;;;;;;;;;;;;;;;50;;;;;;;;;;;;;;;;;Prérequis : Force 184 Dommages : 137-209 Bonus : +50% attaque Prix de vente : 0 Encombrement : 13 Obtention : Forgeron 55 Divers : 2 mains | ;
242 Epée de la Rose Noire de main gauche (dual) (+3);Armes de mêlée;242;;;;;;;;;;;;;;;;;;;;;;;;;;;50;;;;;;;;;;;;;;;;;Prérequis : Force 242 Dommages : 151-230 Bonus : +50% attaque Prix de vente : 49.245 Encombrement : 10 Obtention : Forgeron 57 Divers :  main gauche | ;
300 Lame vipérine de main gauche (dual) (+3);Armes de mêlée;300;;;;;;;;;;;;;;;;;;;;;;;;;;;10;;;;;;;;;;;;;;;;;Prérequis : Force 300 Dommages : 151-230 Bonus : +10% attaque, +??% compétence ambidextrie Prix de vente : 0 Encombrement : 5 Obtention : Forgeron 60 Divers :  main gauche | ;
317 Kandjar de destinée;Armes de mêlée;317;;;;;;;;;;;;;;;;;;;;;;;;;;;;;;;;;;;;;;;;;;;;Prérequis : Force 317 Dommages : 127-178 Bonus : lance parfois un sort qui téléporte l'adversaire à son sanctuaire Encombrement : 6 Obtention : Forgeron 61 Divers : 1 main | ;
320 Épée de glace incrustée de saphir de main gauche (dual) (+3);Armes de mêlée;320;;;;;;;;;;;;;;;;;;;;;;;;;;;50;;;;;;;;;;;;;;;;;Prérequis : Force 320 Dommages : 181 - 275 Bonus : +25 puissance eau, +20 résistance eau +50% attaque Malus : -15 résistance feu Prix de vente : 115.366 Encombrement : 10 Obtention : Drop des ZartGax (Niève, RD) Divers : Main gauche | ;
320 Lame enchantée (+2);Armes de mêlée;320;;40;;;;800;25;25;;;;;;;;;;;;;-10;-10;-10;-10;-10;-10;30;;;;;;;;;;;;;;;;;"Prérequis : Force 320, Dextérité 40, Attaque 800 Dommages : 142-228 Bonus: +25 force et endurance, une chance de lancer un sort de feu (type ""flamme"") +30% attaque Malus : -10 à toutes les résistances sauf au feu Encombrement : 0 Obtention : Drop Draconigus invoqué majeur (désert RD), différents coffres de Drake Island Divers : 1 main | ";
320 Lame enchantée de main gauche (+2);Armes de mêlée;320;;40;;;;800;25;25;;;;;;;;;;;;;-10;-10;-10;-10;-10;-10;30;;;;;;;;;;;;;;;;;"Prérequis : Force 320, Dextérité 40, Attaque 800 Dommages : 142-228 Bonus: +25 force et endurance, une chance de lancer un sort de feu (type ""flamme"") +30% attaque Malus : -10 à toutes les résistances sauf au feu Encombrement : 0 Obtention : Forgeron 65 Divers : main gauche | ";
324 Fleuret de défaillance;Armes de mêlée;324;;;105;19;;;;;;;;;;;;;;;;;;;;;;;;;;;;;;;;;;;;;;;;Prérequis : Force 324, intelligence 105, sagesse 19 Dommages : 87-131 Obtention : Forgeron 63 Prix de vente: 62.304 Encombrement : 7 Divers: 1 main | ;
372 Lame de perdition ??;Armes de mêlée;372;;;;;;;;;;;;;;;;;;;;;;;;;;;;;;;;;;;;;;;;;;;;Prérequis : Force 372 Dommages : 122-190 Prix : 360.269 (chez ???) Prix de vente: 120.089 Encombrement : 5 Divers: 1 main | ;
372 Lame de perdition enchantée (+1);Armes de mêlée;372;;;;;;;;;;;;;;;;;;;;;;;;;;;15;;;;;;;;;;;;;;;;;Prérequis : Force 372 Dommages : 140-218 Bonus : +15% attaque Prix : 1.080.807 (Regynia, à l'Est des douves de RW) Prix de vente: 240.179 Encombrement : 5 Divers: 1 main | ;
372 Lame de perdition runique (+2);Armes de mêlée;372;;;;;;;;;;;;;;;;;;;;;;;;;;;30;;;;;;;;;;;;;;;;;Prérequis : Force 372 Bonus : +30% attaque Dommages : 158-247 Prix : 3.602.690 (Ayanis, NO sous-sol métier RW) Prix de vente: 360.269 Encombrement : 5 Divers : 1 main | ;
372 Eventreuse (+3);Armes de mêlée;372;;;;;;;;;;;;;;;;;;;;;;;;;;;50;;;;;;;;;;;;;;;;;Prérequis : Force 372 Bonus : +50% attaque Dommages : 183-285 Prix : 14.410.767 (Sphodros, montagnes est RW, (900,1400,3)) (il faut avoir tué une vingtaine de drakes pour qu'il vous parle) Prix de vente : 480.358 Encombrement : 5 Divers : 1 main | ;
372 Eventreuse de main gauche (+3);Armes de mêlée;372;;;;;;;;;;;;;;;;;;;;;;;;;;;50;;;;;;;;;;;;;;;;;Prérequis : Force 372 Bonus : +50% attaque Dommages : 183-285 Obtention : Forgeron 67 Prix de vente : 480.358 Encombrement : 5 Divers : main gauche | ;
372 Éventreuse étoilée (+4) Existe plus;Armes de mêlée;372;;;;;;;;;;;;;;;;;;;;;;;;;;;10;;;;;;;;;;;;;;;;;Prérequis : Force 372 Bonus : +60% attaque, +10 CP CAss TA Dommages : 235-286 Obtention : ?? Prix de vente: 980.353 Encombrement : 5 Divers: 1 main | Elle n'existe plus depuis la Maj de l'or | ;
387 Épée Batarde d'Adamantium (+3);Armes de mêlée;387;;;;;;;;;;;;;;;;;;;;;;;;;;;50;;;;;;;;;;;;;;;;;Prérequis : Force 387 Dommages : 211-331 Bonus : +50% attaque Prix de vente : 224.877 Encombrement 10 Obtention : Drop du Dragon LivoxDrinn ( SH ) Divers: 1 main | ;
459 Cimeterre de Rubis (+3);Armes de mêlée;459;;;;;;;;;;;;;;;;;;;;;;;;;;;50;;;;;;;;;;;;;;;;;Prérequis : Force 459 Dommages : 212-339 Bonus : +50% attaque Encombrement : 8 Prix de vente : 298.755 Obtention : quete de l ile de lune Divers: 1 main | ;
459 Cimeterre de Rubis de main gauche (dual) (+3);Armes de mêlée;459;;;;;;;;;;;;;;;;;;;;;;;;;;;50;;;;;;;;;;;;;;;;;Prérequis : Force 459 Dommages : 212-339 Bonus : +50% attaque Encombrement : 8 Prix de vente : 298.755 Obtention : Forgeron 72 Divers:  main gauche | ;
474 Epée à deux mains en titane (+2);Armes de mêlée;474;;;;;;;;;;;;;;;;;;;;;;;;;;;30;;;;;;;;;;;;;;;;;Prérequis : Force 474 Dommages : 243-391 Bonus : +30% attaque, +??% coup critique Encombrement : 12 Prix de vente : 196.667 Obtention : Forgeron 73 Divers: 2 mains | ;
532 Épée de Diamants (+3);Armes de mêlée;532;;;;;;;;;;;;;;;;;;;;;;;;;;;50;;;;;;;;;;;;;;;;;Prérequis : Force 532 Dommages 249-406 Bonus : +50% attaque Prix: 29.863.487 (Sphodros, montagnes à l'Est de RW (900,1400,3)) (il faut avoir tué une vingtaine de drakes pour qu'il vous parle) Prix de vente : ?? Encombrement : 10 Divers: 1 main | ;
532 Épée de Diamants de main gauche (+3);Armes de mêlée;532;;;;;;;;;;;;;;;;;;;;;;;;;;;50;;;;;;;;;;;;;;;;;Prérequis : Force 532 Dommages 249-406 Bonus : +50% attaque Obtention : Forgeron 77 Prix de vente : ?? Encombrement : 10 Divers: main gauche | ;
590 Epée de Liridell (2 mains) (+4);Armes de mêlée;590;;;;;;;;;;;;;;;;;;;;;;;;;;;10;;;;;;;;;;;;;;;;;Prérequis : Force 590 Dommages : 317-524 Bonus : +60% attaque, +10 CP CAss TA Encombrement : 14 Obtention : Drop du dragon Liridell (Est désert DI) Divers: 2 mains | ;
590 Hache de Liridell (2 mains) (+4);Armes de mêlée;590;;;;;;;;;;;;;;;;;;;;;;;;;;;10;;;;;;;;;;;;;;;;;Prérequis : Force 590 Dommages : 423-699 Bonus : +60% attaque, +10 Immob CAss TA Encombrement : 16 Obtention : Drop du dragon Liridell (désert DI) Divers: 2 mains | ;
662 Cimeterre des Ancêtres;Armes de mêlée;662;;;;;;;;;;;;;;;;;;;;;;;;;;;;;;;;;;;;;;;;;;;;Prérequis : Force 662 Dommages : 169-281 Prix : 1.064.906 (Nyctos, une maison de RW) Prix de vente: 354.968 Divers: 1 main | ;
662 Cimeterre des Ancêtres Enchanté (+1);Armes de mêlée;662;;;;;;;;;;;;;;;;;;;;;;;;;;;15;;;;;;;;;;;;;;;;;Prérequis : Force 662 Bonus : +15% attaque Dommages : 194-324 Prix : 3.194.718 (Regynia, à l'Est des douves de RW) Prix de vente: 709.937 Divers: 1 main | ;
662 Cimeterre des Ancêtres Runique (+2);Armes de mêlée;662;;;;;;;;;;;;;;;;;;;;;;;;;;;30;;;;;;;;;;;;;;;;;Prérequis : Force 662 Bonus : +30% attaque Dommages : 219-366 Prix : 10.649.060 (Ayanis, sous-sol métiers RW, au NO) Prix de vente: 1.064.906 Divers : 1 main | ;
662 Cimeterre incrusté d'émeraudes (+3);Armes de mêlée;662;;;;;;;;;;;;;;;;;;;;;;;;;;;50;;;;;;;;;;;;;;;;;Prérequis : Force 662 Bonus : +50% attaque Dommages : 253-422 Prix : 42.596.240 (Sphodros, montagnes à l'Est de RW (900,1400,3)) (il faut avoir tué une vingtaine de drakes pour qu'il vous parle) Prix de vente: 1.554.945 Divers : 1 main | ;
662 Cimeterre incrusté d'émeraudes de main gauche (dual) (+3);Armes de mêlée;662;;;;;;;;;;;;;;;;;;;;;;;;;;;50;;;;;;;;;;;;;;;;;Prérequis : Force 662 Bonus : +50% attaque Dommages : 253-422 Obtention : Forgeron 79 Prix de vente: 1.554.945 Divers : main gauche | ;
677 Epée bâtarde des Ancêtres;Armes de mêlée;677;;;;;;;;;;;;;;;;;;;;;;;;;;;;;;;;;;;;;;;;;;;;Prérequis : Force: 677 Dommages : 188-316 Prix : 1.166.209 (Nyctos, une maison de RW) Prix de vente: 388.736 Encombrement : 10 Divers : 1 main | ;
677 Epée bâtarde des Ancêtres Enchantée (+1);Armes de mêlée;677;;;;;;;;;;;;;;;;;;;;;;;;;;;15;;;;;;;;;;;;;;;;;Prérequis : Force: 677 Bonus : +15% attaque Dommages : 217-363 Prix: 3.498.627 (Regynia à l'Est des douves de RW) Prix de vente: 777.472 Encombrement : 10 Divers : 1 main | ;
677 Epée bâtarde des Ancêtres Runique (+2);Armes de mêlée;677;;;;;;;;;;;;;;;;;;;;;;;;;;;30;;;;;;;;;;;;;;;;;Prérequis : Force 677 Bonus : +30% attaque Dommages : 245-411 Prix: 11.662.090 (Ayanis, sous-sol métiers RW, au NO) Prix de vente: 1.166.209 Encombrement : 10 Divers : 1 main | ;
677 Épée des braves (+3);Armes de mêlée;677;;;;;;;;;;;;;;;;;;;;;;;;;;;50;;;;;;;;;;;;;;;;;Prérequis : Force 677 Bonus : +50% attaque Dommages : 286-481 Prix : 46.648.360 (Sphodros, montagnes à l'Est de RW (900,1400,3)) (il faut avoir tué une vingtaine de drakes pour qu'il vous parle) 54.000.000 (Rilouf, SH (780,1080)) Prix de vente: 1.554.945 Encombrement : 10 Divers : 1 main | ;
677 Épée des braves de main gauche (+3);Armes de mêlée;677;;;;;;;;;;;;;;;;;;;;;;;;;;;50;;;;;;;;;;;;;;;;;Prérequis : Force 677 Bonus : +50% attaque Dommages : 286-481 Obtention : Forgeron 81 Prix de vente: 1.554.945 Encombrement : 10 Divers : main gauche | ;
691 Épée à deux mains des ancêtres;Armes de mêlée;691;;;;;;;;;;;;;;;;;;;;;;;;;;;;;;;;;;;;;;;;;;;;Prérequis : Force 691 Dommages : 235-397 Prix : 1.326.793 (Nyctos, une maison de RW) Prix de vente: 442.264 Divers : 2 mains | ;
691 Épée à deux mains des ancêtres Enchantée (+1);Armes de mêlée;691;;;;;;;;;;;;;;;;;;;;;;;;;;;15;;;;;;;;;;;;;;;;;Prérequis : Force 691 Bonus : +15% attaque Dommages : 270-457 Prix: 3.980.379 (Regynia, à l'Est des douves de RW) Prix de vente : 884.528 Divers : 2 mains | ;
691 Épée à deux mains des ancêtres Runique (+2);Armes de mêlée;691;;;;;;;;;;;;;;;;;;;;;;;;;;;30;;;;;;;;;;;;;;;;;Prérequis : Force 691 Bonus : +30% attaque Dommages : 306-516 Prix: 13.267.930 (Ayanis, sous-sol métiers RW, au NO) Prix de vente : 1.326.793 Divers : 2 mains | ;
706 Lame des Chimères (2 mains) (+3);Armes de mêlée;706;;;;;;;;;;;;;;;;;;;;;;;;;;;50;;;;;;;;;;;;;;;;;Prérequis : Force 706 Bonus : +50% attaque Dommages : 353-596 Prix: 53.071.720 (Sphodros, montagnes à l'Est de RW (900,1400,3)) (il faut avoir tué une vingtaine de drakes pour qu'il vous parle) Prix de vente : 1.696.152 Encombrement : 12 Divers : 2 mains | ;
735 Hache large des Ancêtres (2 mains);Armes de mêlée;735;;;;;;;;;;;;;;;;;;;;;;;;;;;;;;;;;;;;;;;;;;;;Prérequis : Force 735 Dommages : 322-546 Prix : 1.439.601 (Nyctos, une maison de RW) Prix de vente : 479.867 Encombrement : 14 Divers : 2 mains | ;
735 Hache large des Ancêtres Enchantée (2 mains) (+1);Armes de mêlée;735;;;;;;;;;;;;;;;;;;;;;;;;;;;15;;;;;;;;;;;;;;;;;Prérequis : Force 735 Bonus : +15% attaque Dommages : 370-627 Prix : 4.318.803 (Regynia, à l'Est des douves de RW) Prix de vente: 959.734 Encombrement : 14 Divers : 2 mains | ;
735 Hache large des Ancêtres Runique (2 mains) (+2);Armes de mêlée;735;;;;;;;;;;;;;;;;;;;;;;;;;;;30;;;;;;;;;;;;;;;;;Prérequis : Force 735 Bonus : +30% Attaque Dommages : 418-709 Prix: 14.396.010 (Ayanis, sous-sol métiers RW, au NO) Prix de vente : 1.439.601 Encombrement : 14 Divers : 2 mains | ;
735 Écimeuse (2 mains) (+3);Armes de mêlée;735;;;;;;;;;;;;;;;;;;;;;;;;;;;50;;;;;;;;;;;;;;;;;Prérequis : Force 735 Bonus : +50% attaque Dommages : 483-819 Prix: 57.584.040 (Sphodros, montagnes à l'Est de RW (900,1400,3)) (il faut avoir tué une vingtaine de drakes pour qu'il vous parle) Prix de vente : 1.919.468 Encombrement : 14 Divers : 2 mains | ;
735 Écimeuse incrustée d'étoiles (2 mains) (+4);Armes de mêlée;735;;;;;;;;;;;;;;;;;;;;;;;;;;;10;;;;;;;;;;;;;;;;;Prérequis : Force 735 Bonus : +60% attaque, +10 CP, TA, immob Dommages : 651-818 Prix: 88.000.000 (Rilouf, SH (780,1080)) Prix de vente : 5.000.000 Encombrement : 14 Divers : 2 mains | ;
807 Cimeterre en métrolite doré (+3);Armes de mêlée;807;;;;;;;;;;;;;;;;;;;;;;;;;;;50;;;;;;;;;;;;;;;;;Prérequis : Force 807 Bonus : +50% attaque Dommages : 282-483 Obtention : Forgeron 84 Encombrement : 8 Divers : 1 main | ;
822 Epée une main et demi vibrante (+3)  (lente);Armes de mêlée;822;;;;;;;;;;;;;;;;;;;;;;;;;;;50;;;;;;;;;;;;;;;;;Prérequis : Force 822 Bonus : +50% attaque Dommages : 324-556 Obtention : Forgeron 85 Encombrement : 10 Divers : 1 main | ;
836 Lame de l'infatiguable (+3) (bof);Armes de mêlée;836;;;;;;;;;;;;;;;;;;;;;;;;;;;50;;;;;;;;;;;;;;;;;Prérequis : Force 836 Bonus : +50% attaque Dommages : 393-677 Obtention : Forgeron 87 Encombrement : 12 Divers : 1 main | ;
880 Cimeterre en métrolite robuste (+3);Armes de mêlée;880;;;;;;;;;;;;;;;;;;;;;;;;;;;50;;;;;;;;;;;;;;;;;Prérequis : Force 880 Bonus : +50% attaque Dommages : 298-516 Obtention : Forgeron 89 Encombrement : 8 Divers : 1 main | ;
894 Exterminatrice (+3);Armes de mêlée;894;;;;;;;;;;;;;;;;;;;;;;;;;;;50;;;;;;;;;;;;;;;;;Prérequis : Force 894 Bonus : +50% attaque Dommages : 343-594 Obtention : Forgeron 91 Encombrement : 10 Divers : 1 main | ;
894 Glaive terrestre (+3);Armes de mêlée;138;;;36;138;;;;;;;;;;;;;;;;;;;;;;;50;;;;;;;;;;;;;;;;;Prérequis : Force 894, sagesse 138, intelligence 36 Bonus : +50% attaque Bonus : Sort de malus d'esquive (vert) sur la cible (env 18%) Dommages : 343-594 Obtention : Forgeron 97 Version mauve : Forgeron 97 Encombrement : 10 Divers : 1 main | ;
894 Glaive de givre (+3);Armes de mêlée;36;;;138;36;;;;;;;;;;;;;;;;;;;;;;;50;;;;;;;;;;;;;;;;;Prérequis : Force 894, Sagesse 36, Intelligence 138 Bonus : +50% attaque Bonus : Sort de malus d'attaque et archerie sur la cible (env 18%) Dommages : 343-594 Obtention : Forgeron 101 Version mauve : Forgeron 101 Version jaune : Forgeron 101 Encombrement : 10 Divers : 1 main | ;
894 Glaive virevoltant (+3);Armes de mêlée;87;;;87;87;;;;;;;;;;;;;;;;;;;;;;;50;;;;;;;;;;;;;;;;;Prérequis : Force 894, sagesse 87, intelligence 87 Bonus : +50% attaque Bonus : Sort de ralentissement de la vitesse de lancement des sorts de la cible (18% environ) Dommages : 343-594 Obtention : Forgeron 99 Version mauve : Forgeron 101 Encombrement : 10 Divers : 1 main | ;
894 Glaive flamboyant (+3);Armes de mêlée;36;;;138;36;;;;;;;;;;;;;;;;;;;;;;;50;;;;;;;;;;;;;;;;;Prérequis : Force 894, sagesse 36, intelligence 138 Bonus : +50% attaque Bonus : Sort de malus de la CA (bleu clair) de la cible (env 18%) Dommages : 343-594 Obtention : Forgeron 103 Version mauve : Forgeron 101 Encombrement : 10 Divers : 1 main | ;
909 Claymore d'extinction (2 mains) (+3);Armes de mêlée;909;;;;;;;;;;;;;;;;;;;;;;;;;;;50;;;;;;;;;;;;;;;;;Prérequis : Force 909 Bonus : +50% attaque Dommages : 416-722 Obtention : Forgeron 93 Encombrement 12 Divers : 2 mains | ;
909 Claymore d'extinction étoilée (2 mains) (+4);Armes de mêlée;909;;;;;;;;;;;;;;;;;;;;;;;;;;;10;;;;;;;;;;;;;;;;;Prérequis : Force 909 Bonus : +60% attaque, +10 Immob CP et TA Dommages : 416-722 Obtention : Quête du forgeron Durikh Encombrement : 12 Divers: 2 mains | ;
909 Hallebarde terrestre (2 mains) (+3);Armes de mêlée;138;;;36;138;;;;;;;;;;;;;;;;;;;;;;;10;;;;;;;;;;;;;;;;;Prérequis : Force 909, Sagesse 138, intelligence 36 Bonus : +50% attaque, +10 Immob CP et TA Bonus : Sort de malus d'esquive (vert) sur la cible (env 18%) Dommages : 416-722 Obtention : Forgeron 98 Version mauve : Forgeron 102 Prix de vente : 2.582.470 Encombrement : 12 Divers : 2 mains | ;
909 Hallebarde de givre (2 mains) (+3);Armes de mêlée;36;;;138;36;;;;;;;;;;;;;;;;;;;;;;;10;;;;;;;;;;;;;;;;;Prérequis : Force 909, Sagesse 36, Intelligence 138 Bonus : +50% attaque, +10 Immob CP et TA Bonus : Sort de malus d'attaque et archerie sur la cible (env 18%) Dommages : 416-722 Obtention : Forgeron 102 Version mauve : Forgeron 102 Prix de vente : 2.582.470 Encombrement : 12 Divers : 2 mains | ;
909 Hallebarde virevoltante (2 mains) (+3);Armes de mêlée;87;;;87;87;;;;;;;;;;;;;;;;;;;;;;;10;;;;;;;;;;;;;;;;;Prérequis : Force 909, Sagesse 87, Intelligence 87 Bonus : +50% attaque, +10 Immob CP et TA Bonus : Sort de ralentissement de la vitesse de lancement des sorts de la cible (18% environ) Dommages : 416-722 Obtention : Forgeron 100 Version mauve : Forgeron 102 Prix de vente : 2.582.470 Encombrement : 12 Divers : 2 mains | ;
909 Hallebarde flamboyante (2 mains) (+3);Armes de mêlée;36;;;138;36;;;;;;;;;;;;;;;;;;;;;;;10;;;;;;;;;;;;;;;;;Prérequis : Force 909, Sagesse 36, Intelligence 138 Bonus : +50% attaque, +10 Immob CP et TA Bonus : Sort de malus de la CA (bleu clair) de la cible (env 18%) Dommages : 416-722 Obtention : Forgeron 104 Version mauve : Forgeron 102 Prix de vente : 2.582.470 Encombrement : 12 Divers : 2 mains | Fauchon | ;
1025 Fauchon en acier frappé (? mains) (+2) (new);Armes de mêlée;26;;;36;26;;;;;;;;;;;;;;;;;;;;;;;33;;;;;;;;;;;;;;;;;Prérequis : Force 1025, Sagesse 26 et Intelligence 36 Bonus : +33% attaque Dégâts : 418-610 | ;
1050 Flamberge ancestrale (2 mains) (+3) (mod);Armes de mêlée;909;;;138;138;;;;;;;;;;;;;;;;;;;;;;;10;;;;;;;;;;;;;;;;;Prérequis : Force 1050 (old 909), sag 102, intel 112 (old 138 intel et sagesse) Bonus : +50% attaque, +10 CP et TA, +15 immob (old +10) Bonus : Sort de malus de la CA (bleu clair) de la cible (env 18%) Bonus : Sort de malus d'esquive (vert) sur la cible (env 18%) Bonus : Ralentissement de la vitesse de lancement des sorts de la cible (env 18%) Bonus : Sort de malus d'attaque et archerie sur la cible (env 18%) Dommages : 446-772 (old 416-722) Obtention : Forgeron 105 (demande une lame gemme sombr;
Les Bâtons divers;Sceptres, Fléaux et marteaux;;;;;;;;;;;;;;;;;;;;;;;;;;;;;;;;;;;;;;;;;;;;;;
22 Bâton du maudit (deux mains);Sceptres, Fléaux et marteaux;72;;;18;;;;;;;30;;;;;;;;;;;;;;;;;30;;;;;;;;;;;;;;;;;Prérequis : Force  22, intell 72, sag 18 Dégâts : 14-23 Bonus : +10 intelligence, +30% attaque Encombrement : 11 Obtention : Ebéniste 38 | ;
22 Bâton des ombres (deux mains);Sceptres, Fléaux et marteaux;62;;;13;;;;;;;;;;;;;;;;;;;;;;;;;;;;;;;;;;;;;;;;;Prérequis : Force  22, intell 62, sag 13 Dégâts : 16-25 Bonus : +15 puissance nécro, -10 puissance lumière, -5 résist terre air eau feu Encombrement : 4 Obtention : Ebéniste 55 | ;
22 Bâton de dilapidation (deux mains);Sceptres, Fléaux et marteaux;58;;34;39;;;;;;;;;;;;;;;;;;;;;;;;;;;;;;;;;;;;10;;;;;Prérequis : Force  22, intell 58, sag 39, dext 34 Dégâts : 11-20 Bonus : Lors d'un combat, vole parfois 5 à 10% de l'or de l'adversaire Encombrement : 4 Obtention : Ebéniste 61 | ;
24 Bâton de déprédation (deux mains);Sceptres, Fléaux et marteaux;65;;43;52;;;;;;;;;;;;;;;;;;;;;;;;;;;;;;;;;;;;15;;;;;Prérequis : Force  24, intell 65, sag 52, dex 43 Dégâts : 16-35 Bonus : Lors d'un combat, vole parfois 10 à 15% de l'or de l'adversaire Encombrement : 8 Obtention : Ebéniste 98 | ;
Les Sceptres pour mages/prêtres;Sceptres, Fléaux et marteaux;;;;;;;;;;;;;;;;;;;;;;;;;;;;;;;;;;;;;;;;;;;;;;
0 Sceptre thanataire (deux mains);Sceptres, Fléaux et marteaux;;;;;;;;;;;20;;;;;;;;;;;;;;;;;;;;;;;;;;;;;;;;;;Prérequis : Aucun Dégâts : ?? Bonus : +20 intelligence Encombrement : 8 Obtention : Quête des livres de chance | ;
16 Sceptre de résistance (2 mains);Sceptres, Fléaux et marteaux;39;;;39;39;;;;;;;;;;;;;;;;;;;;;;;10;;;;;;;;;;;;;;;;;Prérequis : Force 16, Sagesse 39, Intelligence 39 Dommages : 14-23 Bonus : +3 CA, +3 résistance terre air eau feu, +10% Attaque Encombrement : 11 Obtention :  Forgeron lvl 39 | ;
16 Sceptre de sagesse (2 mains);Sceptres, Fléaux et marteaux;48;;;;48;;;;;;;30;;;;;;;;;;;;;;;;30;;;;;;;;;;;;;;;;;Prérequis : Force 16, Sagesse 48 Dommages : 14-23 Bonus : +15 Sagesse, +30% Attaque Encombrement : 11 Obtention :  Forgeron lvl 31 | ;
16 Sceptre d'intelligence (2 mains);Sceptres, Fléaux et marteaux;16;;;48;;;;;;;10;;;;;;;;;;;;;;;;;;;;;;;;;;10;;;;;;;;Prérequis : Force 16, Intelligence 48 Dommages : 14-23 Bonus : +15 Intelligence, +10 méditation Encombrement : 11 Obtention :  Forgeron lvl 33 | ;
26  Sceptre de drain de mana (2 mains);Sceptres, Fléaux et marteaux;47;87;;62;;;;;;;;;;;;;;;;;;;;;;;;;;;;;;;;;;;;;;;;;Prérequis : Force : 26, Endu 47, Intel 87, Sag 62 Dommages : 14-25 Bonus : +6 Puissance nécro Ote à l'adversaire un certain nombre de points de Mana à chaque coup porté Encombrement : 11 Obtention : Ebéniste lvl 50 | ;
26 Sceptre de drain de vie (2 mains);Sceptres, Fléaux et marteaux;47;134;;15;;;;;;;;;;;;;;;;;;;;;;;;30;;;;;;;;;;;;;;;;;Prérequis : Force 26, Endu 47, Intel 134, Sag 15 Dommages : 14-25 Bonus : +30% Attaque Ote à l'adversaire un certain nombre de points de Vie à chaque coup porté Encombrement : 11 Obtention : Ebéniste lvl 62 | ;
28  Sceptre de luminescence (2 mains);Sceptres, Fléaux et marteaux;47;13;;62;;;;;;;;;;;;;;;;;;;;;;;;;;;;;;;;;;;;;;;;;Prérequis : Force : 28, Endu 47, Intel 13, Sag 62 Dommages : 16-25 Bonus : +15 puissance lumière, +100 rayon (lumière permanente) Malus : -10 puiss nécro, -5 résist terre air eau feu Encombrement : 4 Obtention : Ebéniste lvl 52 | ;
35 Sceptre arrondi de Zlüg (une main);Sceptres, Fléaux et marteaux;55;60;;60;60;;;;;;;;;;;;;;;;;;;;;;;;;;;;;;;;;;;;;;;;Prérequis : Force 35, endu 55, sagesse 60, intel 60 Dommages : 36-55 Encombrement : 8 Obtention : Quête des livres de chance | ;
43 Sceptre des abysses (2 mains);Sceptres, Fléaux et marteaux;60;;;329;60;;;;;;;;;;;;;;;;;;;;;;15;;;;;;;;;;;;;;;;;;Prérequis : Force 43, Sagesse 60, Intelligence 329 Dommages : 105-161 Bonus : +5 CA, +20 puissance nécro, +10 résistance nécro, +15 Intelligence Malus : -20 résist lumière, -10 résist terre/eau/feu/air Encombrement : 8 (4 avant 4/4/12) Obtention : Quête du Sceptre des Abysses | ;
68 Sceptre de Ravage (2 mains);Sceptres, Fléaux et marteaux;603;;;21;603;;;;;;;;;;;;;;;;;;;;;;;;;;;;;;;;;;;;;;;;Prérequis : Force 68, Sagesse 603, Intelligence 21 Dommages : 36-55 Bonus : +30 Puissance Terre Malus : -15 Puissance Eau, -10 résist terre/eau/feu/air Encombrement : 11 (4 avant maj) Obtention : Ebéniste lvl 89 | ;
69 Sceptre des Arts occultes (2 mains);Sceptres, Fléaux et marteaux;23;;;715;23;;;;;;;;;;;;;;;;;;;;;;;;;;;;;;;;;;;;;;;;Prérequis : Force 68, Sagesse 23, Intelligence 715 Dommages : 36-55 Bonus : +30 Puissance Nécro, +25 compétence Coup Critique Malus : -10 résist terre/eau/feu/air Encombrement : 11 (4 avant 4/4/18) Obtention : Ebéniste lvl 103 | ;
68 Sceptre de Déflagration (2 mains);Sceptres, Fléaux et marteaux;21;;;603;21;;;;;;;;;;;;;;;;;;;;;;;;;;;;;;;;;;;;;;;;Prérequis : Force 68, Sagesse 21, Intelligence  603 Dommages : 36-55 Bonus : +30 Puissance Feu Malus : -15 Puissance Eau, -10 résist terre/eau/feu/air Encombrement : 11 (4 avant maj) Obtention : Ebéniste 85 | ;
68 Sceptre de Déferlante (2 mains);Sceptres, Fléaux et marteaux;21;;;603;21;;;;;;;;;;;;;;;;;;;;;;;;;;;;;;;;;;;;;;;;Prérequis : Force 68, Sagesse 21, Intelligence 603 Dommages : 36-55 Bonus : +30 Puissance eau Malus : -15 Puissance Terre, -10 résist terre/eau/feu/air Encombrement : 11 (4 avant maj) Obtention : Ebéniste lvl 86 | ;
68 Sceptre de Rafale (2 mains);Sceptres, Fléaux et marteaux;68;;;310;314;;;;;;;;;;;;;;;;;;;;;;;;;;;;;;;;;;;;;;;;Prérequis : Force : 68, Sagesse : 314, Intelligence : 310 Dommages : 36-55 Bonus : +30 Puissance air Malus : -15 Puissance Terre, -10 résist terre/eau/feu/air Encombrement : 11 (4 avant maj) Obtention : Ebéniste lvl 88 | ;
69 Sceptre de L'ascète (2 mains);Sceptres, Fléaux et marteaux;715;;;23;715;;;;;;;;;;;;;;;;;;;;;;;;;;;;;;;;;;;;;;;;Prérequis : Force 69, Sagesse 715, Intelligence 23 Dommages : 36-55 Bonus : +30 Puissance Lumière, +25 compétence Retour à la vie Malus :  -10 résist terre/eau/feu/air Encombrement :11 (4 avant 4/4/18) Obtention : Ebéniste lvl 101 | ;
110 Sceptre d'espoir (2 mains);Sceptres, Fléaux et marteaux;131;;;23;131;;;;;;;;;;;;;;;30;;;;;;;;30;;;;;;;;;;;;;;;;;Prérequis : Force 110, Sagesse 131, Intelligence 23 Dommages : 72-111 Bonus : +20 Puissance Lumière +30% Attaque Encombrement :10 Obtention : ?? | ;
Les Fléaux pour Paladins (1 main);Sceptres, Fléaux et marteaux;;;;;;;;;;;;;;;;;;;;;;;;;;;;;;;;;;;;;;;;;;;;;;
270 Fléau enchanté;Sceptres, Fléaux et marteaux;40;;248;;;;500;15;;;;15;;;;;;;20;;;;;;25;-15;-15;;;;;;;;;;;;;;;;;;Prérequis : Force  270, dex  40, sag 248, attaque 500 Dommages : 204-319 Bonus: +15 Force Sagesse, +10 Puissance Feu, +20% Attaque, +25 Endu,  -15 Résist nécro, lumière, eau Encombrement : 6 Obtention : Quête accès HumTerre, coffres caves montagnes DI, Draconigus invoqué majeur (désert RD) | ;
270 Fléau enchanté de main gauche;Sceptres, Fléaux et marteaux;40;;248;;;;500;15;;;;15;;;;;;;20;;;;;;25;-15;-15;;;;;;;;;;;;;;;;;;Prérequis : Force  270, dex  40, sag 248, attaque 500 Dommages : 206-321 Bonus: +15 Force Sagesse, +10 Puissance Feu, +20% Attaque, +25 Endu,  -15 Résist nécro, lumière, eau Encombrement : 6 Obtention : Forgeron 75 | ;
310 Fléau en acier poli;Sceptres, Fléaux et marteaux;310;;;;238;;;;;;;;;;;;;;;;;;;;;;;;;;;;;;;;;;;;;;;;Prérequis : Force : 310, sagesse : 238 Prix : 518.611 (Nyctos, maison dans  RW) Prix de vente : 172.870 Dégâts : 161-255 | ;
310 Fléau en acier poli béni (+1);Sceptres, Fléaux et marteaux;310;;;;238;;;;;;;;;;;;;;;;;;;;;;;15;;;;;;;;;;;;;;;;;Prérequis : Force : 310, sagesse : 238 Bonus :+15% attaque Prix : 1.555.833 (Regyna à l'est de RW, au-delà les douves) Prix de vente : 345.740 Dégâts : 185-293 | ;
310 Fléau en acier poli sacré (+2);Sceptres, Fléaux et marteaux;310;;;;238;;;;;;;;;;;;;;;;;;;;;;;30;;;;;;;;;;;;;;;;;Prérequis : Force : 310, sagesse : 238 Bonus : +30% attaque Prix : 5.186.110 (Ayanis, sous-sol RW, au NO) Prix de vente : 518.611 Dégâts : 209-331 | ;
310 Fléau d'arme du jugement (+3);Sceptres, Fléaux et marteaux;310;;;;238;;;;;;;;;;;;;;;;;;;;;;;50;;;;;;;;;;;;;;;;;Prérequis : Force : 310, sagesse : 238 Bonus : +50% attaque Prix: 20.744.440 (Sphodros, montagnes est RW, (900,1400,3)) Prix de vente: 691.481 Dégâts: 241-382 | ;
360 Fléau en acier forgé;Sceptres, Fléaux et marteaux;360;;;;272;;;;;;;;;;;;;;;;;;;;;;;;;;;;;;;;;;;;;;;;Prérequis : Force : 360, sagesse : 272 Prix : 705.714 (Nyctos, maison dans RW) Prix de vente : 235.238 Dégâts : 187-297 | ;
360 Fléau en acier forgé béni (+1);Sceptres, Fléaux et marteaux;360;;;;272;;;;;;;;;;;;;;;;;;;;;;;15;;;;;;;;;;;;;;;;;Prérequis : Force : 360, sagesse : 272 Bonus : +15% attaque Prix : 2.117.142 (Regyna à l'est de RW, au-delà les douves) Prix de vente : 470.476 Dégâts : 215-341 | ;
360 Fléau en acier forgé sacré (+2);Sceptres, Fléaux et marteaux;360;;;;272;;;;;;;;;;;;;;;;;;;;;;;30;;;;;;;;;;;;;;;;;Prérequis : Force : 360, sagesse : 272 Bonus : +30% attaque Prix : 7.057.140 (Ayanis, sous-sol RW, au NO) Prix de vente : 705.714 Dégâts : 243-385 | ;
360 Fléau d'arme du destin (+3);Sceptres, Fléaux et marteaux;360;;;;272;;;;;;;;;;;;;;;;;;;;;;;50;;;;;;;;;;;;;;;;;Prérequis : Force : 360, sagesse : 272 Bonus : +50% attaque Prix: 28.228.560 (Sphodros, montagnes est RW, (900,1400,3)) Prix de vente: 940.952 Dégâts: 280-444 | ;
400 Fléau d'adamantite;Sceptres, Fléaux et marteaux;400;;;;299;;;;;;;;;;;;;;;;;;;;;;;;;;;;;;;;;;;;;;;;Prérequis : Force : 400, sagesse : 299 Prix : 921.581 (Nyctos, maison dans RW) Prix de vente: 30.719 Dégâts: ?? Encombrement : 7 | ;
400 Fléau d'adamantite béni (+1);Sceptres, Fléaux et marteaux;400;;;;299;;;;;;;;;;;;;;;;;;;;;;;15;;;;;;;;;;;;;;;;;Prérequis : Force : 400, sagesse : 299 Bonus : +15% attaque Prix : 2.764.743 (Regyna à l'est de RW, au-delà les douves) Prix de vente: 51.439 Dégâts: ?? Encombrement : 7 | ;
400 Fléau d'adamantite sacré (+2);Sceptres, Fléaux et marteaux;400;;;;299;;;;;;;;;;;;;;;;;;;;;;;30;;;;;;;;;;;;;;;;;Prérequis : Force : 400, sagesse : 299 Bonus : +30% attaque Prix : 9.215.810 (Ayanis, sous-sol RW, au NO) Prix de vente: 921.581 Dégâts: ?? Encombrement : 7 | ;
400 Fléau d'arme de l'éternité (+3);Sceptres, Fléaux et marteaux;400;;;;299;;;;;;;;;;;;;;;;;;;;;;;50;;;;;;;;;;;;;;;;;Prérequis : Force : 400, sagesse : 299 Bonus : +50% attaque Prix : 36.863.240 (Sphodros, montagnes est RW, (900,1400,3)) Dégâts: 305-485 Encombrement : 7 | ;
420 Nova (+3);Sceptres, Fléaux et marteaux;420;;;;342;;;;;;;;;;;;;;;;;;;;;;;50;;;;;;;;;;;;;;;;;Prérequis : Force : 420, sagesse : 342 Bonus : +10 Puissance lumière, + 50% Attaque Obtention : forgeron 96 Dégâts: 316 - 504 Encombrement : 7 | ;
469 Fléau du croisé (+3);Sceptres, Fléaux et marteaux;483;;;;483;;;;;;;;;;;;;;;50;;;;;;;;;;;;;;;;;;;;;;;;;Prérequis : Force 469, Sagesse  483 Bonus : +10 puissance lumière, +50% attaque Obtention : forgeron 103 Dégâts: 312 - 539 Encombrement : 6 | ;
642 Fléau du preux (+3);Sceptres, Fléaux et marteaux;340;;98;;340;;;;;;;;;;;;;;;;;;;;;;;50;;;;;;;;;;;;;;;;;Prérequis : Force 642, Sagesse 340, Dextérité 98 Bonus : +50% attaque Obtention : forgeron 103 Dégâts: 312 - 539 Encombrement : 6 | ;
520 Fléau de la clarté rayonnante (+2);Sceptres, Fléaux et marteaux;322;;;;322;;;;;;;;;;;;;;;;;;;;;;;5;;;;;40;;5;;;;;;;;;;Prérequis : Force 520, Sagesse 322 Bonus : +10 puissance lumière, immob, Coup Assommant +40% attaque +5 transpercer  Armure Obtention : forgeron Urtanar Dégâts: 217 - 525 Encombrement : 6 | ;
Les Marteaux pour Antépal (1 main);Sceptres, Fléaux et marteaux;;;;;;;;;;;;;;;;;;;;;;;;;;;;;;;;;;;;;;;;;;;;;Voir aussi l'article ANTEPAL  ...===>>   la classe antépal est supprimée et remplacée par mage de guerre  !!! | ;
30 Maillet du Maudit (+3);Sceptres, Fléaux et marteaux;;;;;;;;;;;;;;;;;;;;;;;;;;;;50;;;;;;;;;;;;;;;;;FOR: 30, INT: 29 Obtention : Quête du Damné / 48.280 (Kerniel, WH, (1660,1220)) Prix de vente: --- Dégâts: 17-27 Bonus: +50% attaque | ;
60 Maillet du Profane (+3);Sceptres, Fléaux et marteaux;;;;;;;;;;;;;;;;;;;;;;;;;;;;50;;;;;;;;;;;;;;;;;FOR: 60, INT: 54 Obtention : Quête du Damné / 187.650 (Kerniel, WH, (1660,1220)) Prix de vente: --- Dégâts: 34-55 Bonus: +50% attaque | ;
90 Maillet du Malin (+3);Sceptres, Fléaux et marteaux;;;;;;;;;;;;;;;;;;;;;;;;;;;;50;;;;;;;;;;;;;;;;;FOR: 90, INT: 78 Obtention : Quête du Damné / 418.990 (Kerniel, WH, (1660,1220)) Prix de vente: --- Dégâts: 51-85 Bonus: +50% attaque | ;
110 Maillet du Damné (+3);Sceptres, Fléaux et marteaux;;;;;;;;;;;;;;;;;;;;;;;;;;;;50;;;;;;;;;;;;;;;;;FOR: 110, INT: 94 Obtention : Quête du Damné / 631.440 (Kerniel, WH, (1660,1220)) Prix de vente: --- Dégâts: 64-106 Bonus: +50% attaque | ;
140 Marteau du Maudit (+3);Sceptres, Fléaux et marteaux;;;;;;;;;;;;;;;;;;;;;;;;;;;;50;;;;;;;;;;;;;;;;;FOR 140, INT 117 Prix : 3.691.220 (Naadriel, SilverSky (1440,2515)) Dégâts : 84-139 Bonus :+50% attaque | ;
170 Marteau du profane (+3);Sceptres, Fléaux et marteaux;;;;;;;;;;;;;;;;;;;;;;;;;;;;50;;;;;;;;;;;;;;;;;FOR: 170, INT: 139 Prix: 6.470.010 (Naadriel, SilverSky (1440,2515)) Prix de vente: --- Dégâts: 105-173 Bonus: +50% attaque | ;
210 Marteau du Malin (+3);Sceptres, Fléaux et marteaux;;;;;;;;;;;;;;;;;;;;;;;;;;;;50;;;;;;;;;;;;;;;;;FOR: 210, INT: 169 Prix: 9.554.380 (Naadriel, SilverSky (1440,2515)) Prix de vente: --- Dégâts: 134-223 Bonus: +50% attaque | ;
260 Marteau du damné (+3);Sceptres, Fléaux et marteaux;;;;;;;;;;;;;;;;;;;;;;;;;;;;50;;;;;;;;;;;;;;;;;FOR: 260, INT: 206 Prix: 12.757.300 (Naadriel, SilverSky (1440,2515)) Prix de vente: --- Dégâts: 174 - 289 Bonus: +50% attaque | ;
310 Marteau d'armes renforcé du maudit (+3);Sceptres, Fléaux et marteaux;;;;;;;;;;;;;;;;;;;;;;;;;;;;50;;;;;;;;;;;;;;;;;FOR: 310, INT: 242 Prix:  20.671.555 (Brokyr, sous-sol métiers de RW (1430,590)) Prix d vente: --- Dégâts: 217-360 Bonus: +50% attaque | ;
360 Marteau d'armes renforcé du profane (+3);Sceptres, Fléaux et marteaux;;;;;;;;;;;;;;;;;;;;;;;;;;;;50;;;;;;;;;;;;;;;;;FOR: 360, INT: 277 Prix:  27.911.074 (Brokyr, sous-sol métiers de RW (1430,590)) Prix d vente: --- Dégâts: ?? Bonus: +50% attaque | ;
400 Marteau d'armes renforcé du malin (+3);Sceptres, Fléaux et marteaux;;;;;;;;;;;;;;;;;;;;;;;;;;;;50;;;;;;;;;;;;;;;;;FOR: 400, INT: 305 Prix:  37.844.325 (Brokyr, sous-sol métiers de RW (1430,590)) Prix de vente: --- Dégâts: 302-502 Bonus: +50% attaque | ;
420 Mjölnir du damné (+3);Sceptres, Fléaux et marteaux;;;;;;;;;;;;;;;;;;;;;;;;;;;;50;;;;;;;;;;;;;;;;;FOR: 420, INT : 349 Obtention : Drop Saaliel (château du désert) / quête Saaliel Dégâts: 312-513 Bonus: +50% attaque | ★  ★  ★  ★  ★  ★  ★  ★  ★  ★  ★  ★  ★  ★  ★  ★  ★  ★  ★  ★  ★  ★  ★  ★  ★  ★  ★  ★  ★  ★  ★  ★           Haut de page     N'hésitez pas à signaler les erreurs ou bizarreries que vous pourriez rencontrer sur cette page. Merci. | ;
Les carquois et flèches NMS;Arcs et flèches;;;;;;;;;;;;;;;;;;;;;;;;;;;;;;;;;;;;;;;;;;;;;;
28 Flèches en frêne;Arcs et flèches;19;;28;;;;;;;;;;;;;;;;;;;;;;;;;;;;;;;;;;;;;;;;;;Dommages : 2-3        Bonus : rien :)       Prérequis : Force : 19, Dextérité : 28        Obtention : 5 ébéniste | ;
35 Flèches de l'éclaireur;Arcs et flèches;21;;35;;;;;;;;;;;;;;;;;;;;;;;;;;;;;;;;;;;;;;;;;;Dommages : 1-2        Bonus : ???       Prérequis : Force : 21, Dextérité : 35        Obtention : 8 ébéniste (par lot de 20) | ;
39 Flèches de puanteur;Arcs et flèches;23;;39;26;17;;;;;;;;;;;;;;;;;;;;;;;;;;;;;;;;;;;;;;;;Dommages : 1-2        Bonus : ??       Prérequis : Force : 23, Dextérité : 39, Sagesse : 17, Intelligence : 26        Encombrement : 3       Obtention : 17 ébéniste (par lot de 999) | ;
41 Flèches paralysantes;Arcs et flèches;27;;41;33;31;;;;;;;;;;;;;;;;;;;;;;;;;;;;;;;;;5;;;;;;;Dommages : 2-3        Bonus : +5 immobilisation       Prérequis : Force : 27, Dextérité : 41, Sagesse : 31, Intelligence : 33       Encombrement : 3         Obtention : 20 ébéniste (par lot de 999) | ;
67 Flèches en noyer;Arcs et flèches;21;;67;;;;;;;;;;;;;;;;;;;;;;;;;;;;;;;;;;;;;;;;;;Dommages : 3-5        Bonus : rien :)       Prérequis : Force : 21, Dextérité : 67        Obtention : 29 ébéniste | ;
84 Flèches à pointes d'acier;Arcs et flèches;21;;84;;;;;;;;;;;;;;;;;;;;;;;;;;;;;;;;3;;;;;;;;;;Dommages : 3-5        Bonus    : +3 Transpercer Armure       Prérequis : Force : 21, Dextérité : 84        Obtention : 32 ébéniste | ;
95 Flèches en chêne;Arcs et flèches;22;;95;;;;;;;;;;;;;;;;;;;;;;;;;;;;;;;;;;;;;;;;;;Dommages : 6-10        Bonus : rien       Prérequis : Force : 22, Dextérité : 95        Obtention : 41 ébéniste | ;
161 Flèches puissamment empoisonnées;Arcs et flèches;47;;161;;;;;;;;;;;;;;;;;;;;;;;;;;;;;;;;;;;;;;;;;;Dommages : (2 - 4)     Bonus : poison      Prérequis : Force : 47, Dextérité : 161     Obtention : 45 forgeron | ;
184 Flèches lumineuses;Arcs et flèches;31;;184;17;72;;;;;;;;;;;;;;;;;;;;;;;;;;;;;;;;;;;;;;;;Dommages : (3 - 12)     Bonus : sort de lumière lancé aléatoirement     Prérequis : Force : 31, Dextérité : 184, sagesse : 72, intelligence : 17     Obtention : Drop des B'Zérillis (DI) | ;
184 Flèches de la terre;Arcs et flèches;94;;184;38;102;;;20;;20;;;;;;25;;;;;;;;;;;;;;;;;;;;;;;;;;;;;Dommages : Fourchette de dégâts dépendante de caractéristiques boostées,               valeurs relevées (archer Notos : environ 5-14)     Bonus : +10 puissance terre, +25 dex, +20 force,             sort d'enchevêtrement lancé aléatoirement     Prérequis : Force : 94, Dextérité : 184, sagesse : 102, intelligence : 38     Obtention : quête des livres de chance (DI) | ;
184 Flèches du vent;Arcs et flèches;31;;184;71;69;;;20;;20;;;;;;;;25;;;;;;;;;;;;;;;;;;;;;;;;;;;Dommages : Fourchette de dégâts dépendantes de caractéristiques boostées,               valeurs relevées (environ 4 - 13)    Bonus : +10 puissance air, +25 dex, +20 force,             sort d'air lancé aléatoirement     Prérequis : Force : 31, Dextérité : 184, sagesse : 69, intelligence : 71     Obtention : Drake Akaïstes (DI) | ;
349 Flèches perceuses d'armure;Arcs et flèches;89;;349;;;;;;;;;;;;;;;;;;;;;;;;;;;;;;;;15;;;;;;;;;;Dommages : 1-10     Bonus :   +15 Transpercer Armure     Prérequis : Force : 89, Dextérité : 349, encombrement 3     Obtention : 74 ébéniste | ;
349 Flèches assommantes;Arcs et flèches;89;;349;;;;;;;;;;;;;;;;;;;;;;;;;;;;;;10;;;;;;;;;;;;Dommages : 1-10        Bonus : +10 Coup Assommant       Prérequis : Force : 89, Dextérité : 349       Encombrement : 3       Obtention : 56 ébéniste | ;
372 Flèches naines;Arcs et flèches;94;;372;;;;;22;;22;;;;;;;;;;;;;;;;;;;;;;;;;;;;;;;;;;;Dommages : 9-16        Bonus : +22 force et dextérité       Prérequis : Force : 94, Dextérité : 372       Encombrement : 5       Obtention : 44 ébéniste | ;
372 Flèches sifflantes;Arcs et flèches;94;;372;;;;;;;;;;;;;;;;;;;;;;;;;;;;;;;150;;;;;;;;;;;Dommages : 11-20        Bonus : +5 CA, +150 Coup Critique       Prérequis : Force : 94, Dextérité : 372       Encombrement : 5       Obtention : 53 ébéniste | ;
372 Flèches de feu;Arcs et flèches;94;;372;125;15;;;20;;20;;;;;;;;;25;;;;;;;;;;;;;;;;;;;;;;;;;;Dommages : Fourchette de dégâts dépendante de caractéristiques boostées,                  valeurs relevées (environ 4 - 13)     Bonus : +10 puissance feu, +25 dext, +20 force, sort de feu offensif       aléatoire     Prérequis : Force : 94, Dextérité : 372, Sagesse : 15, Intelligence : 125       Obtention : Coffres de DI | ;
372 Flèches de glace;Arcs et flèches;94;;372;109;31;;;20;;20;;;;;;;25;;;;;;;;;;;;;;;;;;;;;;;;;;;;Dommages : Fourchette de dégâts dépendante de caractéristiques boostées,                  valeurs relevées (environ 4 - 13)     Bonus : +10 puissance eau, +25 dext, +20 force, sort d'eau offensif        aléatoire      Prérequis : Force : 94, Dextérité : 372, sagesse : 31, intelligence : 109      Obtention : Zartgax (Niève)       Encombrement : 3 | ;
372 Flèches elfiques;Arcs et flèches;94;;372;;;;;;;;;;;;;;;;;;;;;;;;;;;;;;;;;;;;;;;;;;Dommages : 13-24        Bonus : +2 CA, ??       Prérequis : Force : 94, Dextérité : 372       Encombrement : 3       Obtention : 65 ébéniste | ;
372 Flèches de rejet;Arcs et flèches;94;40;372;40;;;;;;10;;;;;;;;;;;;;;;;;;;;;;;;;;;;;;;;;;;Dommages : ?-?        Bonus : +1 CA, +10 dextérité, débuff la béné de la cible        Prérequis : Force : 94, Dextérité : 372, Sag 75, Intell 75, Endu 40       Encombrement : 3       Obtention : 68 ébéniste | ;
372 Flèches de certitude;Arcs et flèches;94;80;40;;;;;;;;;;;;;;;;;;;;;;;;;;;;;;;;;;;;;;;;;;Dommages : (9-18)        Bonus :   +15 chance        Prérequis : Force : 94, Dextérité : 372, 40 endu, 80 int, 80 sag,        Obtention : 92 ébéniste       Encombrement : 3 | ;
445 Flèches d'ébonite;Arcs et flèches;109;;445;;;;;;;;;;;;;;;;;;;;;;;;;;;;;;;;;;;;;;;;;;Dommages : 15-28        Bonus : +2 CA       Prérequis : Force : 109, Dextérité : 445       Encombrement : 3       Obtention : 73 ébéniste | ;
610 Flèches terrestres;Arcs et flèches;138;40;610;40;;;;22;;22;;;;;;;;;;;;;;;;;;;;;;;;;;;;;;;;;;;Dommages : 18-25        Bonus : +22 force et dextérité, + ZZ% archerie       Prérequis : Force : 138, Dextérité : 610, Sag 26, Intell 103, Endu 40       Encombrement : 3       Obtention : 76 ébéniste | ;
610 Flèches glacées;Arcs et flèches;138;40;610;40;;;;22;;22;;;;;;;;;;;;;;;;;;;;;;;;;;;;;;;;;;;Dommages : 20-30        Bonus : +22 force et dextérité, + ZZ% archerie       Prérequis : Force : 138, Dextérité : 610, Sag 26, Intell 103, Endu 40       Encombrement : 3       Obtention : 77 ébéniste | ;
610 Flèches de décharge;Arcs et flèches;138;40;610;40;;;;22;;22;;;;;;;;;;;;;;;;;;;;;;;;;;;;;;;;;;;Dommages : 20-30        Bonus : +22 force et dextérité, + ZZ% archerie       Prérequis : Force : 138, Dextérité : 610, Sag 26, Intell 103, Endu 40       Encombrement : 3       Obtention : 79 ébéniste | ;
610 Flèches incendiaires;Arcs et flèches;138;40;610;40;;;;22;;22;;;;;;;;;;;;;;;;;;;;;;;;;;;;;;;;;;;Dommages : 20-30        Bonus : +22 force et dextérité, + ZZ% archerie       Prérequis : Force : 138, Dextérité : 610, Sag 26, Intell 103, Endu 40       Encombrement : 3        Obtention : 80 ébéniste | ;
610 Flèches pestilentielles;Arcs et flèches;138;15;40;;;;;22;;22;;;;;;;;;;;;;;;;;;;;22;;;;;;;;;;;;;;;Dommages : (22-32)     Bonus : + level/2 en archerie, +22 force et dextérité           Lance un sort de peste sur la cible      Prérequis : Force : 138, Dextérité : 610, 40 endu, 112 int, 15 sag     Obtention : 91 ébéniste     Encombrement : 3 | ;
649 Flèches à pointes de verre;Arcs et flèches;138;200;649;;;;;25;;25;;;;;;;;;;;;;;;;;;;;;;;;;;;;;;;;;;;Dommages : ??        Bonus    : +25 force et dextérité       Prérequis : Force : 138, Dextérité : 649, Endurance 200        Obtention : 100 ébéniste | ;
840 Flèches à pointe de diamant;Arcs et flèches;178;60;840;;;;;56;;56;;;;;56;;;;;;;;;;;;;;10;10;;;;;;;;10;;;;;;;Dommages : (13-24)     Bonus :  +6% esquive +10 immobilisation, + 10% Archerie Coup Critique,              +5 TA CA CP, + 28 force, +56 dex     Prérequis : Force : 178, Dextérité : 840, Endurance : 60     Obtention : 104 ébéniste | ;
Les Arcs NMS;Arcs et flèches;;;;;;;;;;;;;;;;;;;;;;;;;;;;;;;;;;;;;;;;;;;;;;
39 Arc en os du désert (+3);Arcs et flèches;17;;;;;;;;;;;;;;;;;;;;;;;;;;;;;50;;;;;;;;;;;;;;;Prérequis : Force : 17 Agilité : 39     Bonus : +50% archerie     Obtention : Ebéniste 9    Prix de vente : 3.148     Dommages : 16-26    Encombrement : 8 | ;
97 Vibrevent (+3);Arcs et flèches;29;;;;;;;;;;;;;;;;;;;;;;;;;;;;;50;;;;;;;;;;;;;;;Prérequis : Force : 29 Agilité : 97     Bonus : +50% archerie     Obtention : Ebéniste 21    Prix de vente : 27.849     Dommages : 49-72    Encombrement : 8 | ;
184 Porteveuve (+3);Arcs et flèches;49;;;;;;;;;;;;;;;;;;;;;;;;;;;;;50;;;;;;;;;;;;;;;Prérequis : Force : 49 Agilité : 184     Bonus : +50% archerie     Obtention : Ebéniste 33, Donjon du Capitaine Coupe-jarret    Prix de vente : 312.997     Dommages : 103-148    Encombrement : 10 | ;
282 Arc de glace enchanté (+3);Arcs et flèches;118;;282;;;;;;;;;;;;;;25;;;;;;;;;;;;;50;;;;;;;;;;;;;;;Prérequis : Force : 118 Dextérité : 282     Bonus : +50% archerie, +25 puissance eau, +20 résist eau, -15 résist feu     Obtention : ZartGax (Niève, l'ile de glace)    Dommages : 181-254    Encombrement : 14 | ;
285 Zéphyr bleuté (+3);Arcs et flèches;77;;;;;;;;;;;;;;;;;;;;;;;;;;;;;50;;;;;;;;;;;;;;;Prérequis : Force : 77 Agilité : 285     Bonus : +50% archerie     Obtention : Ebéniste 45    Dommages : 185-255    Encombrement : 11 | ;
372 Vipère Argentée (+3);Arcs et flèches;94;;;;;;;;;;;;;;;;;;;;;;;;;;;;;50;;;;;;;;;;;;;;;Prérequis : Force : 94 Agilité : 372     Bonus : +50% archerie       Obtention : 14.410.760 (une ombre SH), Ebéniste 57    Encombrement : 11    Dommages : 206-299 | ;
372 Lune Etoilé (Vipère Argentée +4);Arcs et flèches;94;;;;;;;;;;;;;;;;;;;;;;;;;;;;;60;;;60;;10;;;;;;;;;;Prérequis : Force : 94 Agilité : 372     Bonus : +10 Immob Transpercer armure Coup assommant, +60% archerie             lance un sort d'eau aléatoirement     Obtention : Quête des Items étoilés de l'île Lune     Encombrement : 11    Dommages : 206-299 | ;
445 Arc Long des Etoiles (+3);Arcs et flèches;109;;;;;;;;;;;;;;;;;;;;;;;;;;;;;50;;;;;;;;;;;;;;;Prérequis : Force : 109 Agilité : 445     Bonus : +50% archerie     Obtention : 20.744.440 (une ombre SH), 10k Fève de Bronze au Salon de jeux, Ebéniste 69    Dommages : 225-331    Encombrement : 11 | ;
445 Arc Long des Maîtres Etoilés (Long des Étoiles +4);Arcs et flèches;109;;;;;;;;;;;;;;;;;;;;;;;;;;;;;10;;;;;10;;;;;;;;;;Prérequis : Force : 109 Agilité : 445     Bonus : +60% archerie, +10 Immob Transpercer armure Coup assommant    Obtention : Quête du Forgeron Durikh (RedWall)     Dommages : 225-331    Encombrement : 11 | ;
590 Arc de Liridell (Arc HE +4);Arcs et flèches;138;;;;;;;;;;;;;;;;;;;;;;;;;;;;;60;;;60;;10;;;;;;;;;;Prérequis : Force : 138 Agilité : 590     Bonus : +10 Immob Transpercer armure Coup assommant, +60% archerie     Obtention : Drop du dragon Liridell, Ebéniste 81    Encombrement 11      Dommages : 262-397 | ;
677 Arc recourbé en mélèze;Arcs et flèches;116;;677;;;;;;;;;;;;;;;;;;;;;;;;;;;;;;;;;;;;;;;;;;Prérequis : Force : 116, Dextérité : 677    Obtention : 1.114.983 (Nyctos, une maison de RedWall)    Prix de vente : 371.661     Dommages : 162-248 | ;
677 Arc recourbé en mélèze d'Angélus (+1);Arcs et flèches;116;;677;;;;;;;;;;;;;;;;;;;;;;;;;;;15;;;;;;;;;;;;;;;Prérequis : Force : 116, Dextérité : 677    Bonus : +15% archerie    Obtention : 3.344.949 (Regynia à l'Est des douves de RedWall)     Prix de vente : 743.322     Dommages : 187-285 | ;
677 Arc recourbé en mélèze féerique (+2);Arcs et flèches;116;;677;;;;;;;;;;;;;;;;;;;;;;;;;;;30;;;;;;;;;;;;;;;Prérequis : Force : 116, Dextérité : 677    Bonus : +30% archerie     Obtention : 11.149.830 (Ayanis, NO sous-sol métiers RedWwall)     Prix de vente : 1.114.983     Dommages: 211-323 | ;
677 Arc recourbé Catabatique (+3);Arcs et flèches;116;;677;;;;;;;;;;;;;;;;;;;;;;;;;;;50;;;;;;;;;;;;;;;Prérequis : Force : 116, Dextérité : 677    Bonus : +50% archerie    Obtention : 44.599.320 (Sphodros, montagnes Est RedWall (900,1400,3))    Prix de vente : 1.486.644    Encombrement : 8     Dommages : 244-372 | ;
691 Arc à poulie en mélèze;Arcs et flèches;138;;691;;;;;;;;;;;;;;;;;;;;;;;;;;;;;;;;;;;;;;;;;;Prérequis : Force : 138, Dextérité : 691    Obtention : 1.272.114 (Nyctos, une maison de RedWall)    Prix de vente : 424.038     Encombrement : 10    Dommages: 177-271 | ;
691 Arc à poulie en mélèze d'angélus (+1);Arcs et flèches;138;;691;;;;;;;;;;;;;;;;;;;;;;;;;;;15;;;;;;;;;;;;;;;Prérequis : Force : 138, Dextérité : 691    Bonus : +15% archerie    Obtention : 3.816.342 (Regynia à l'Est des douves de RedWall)    Prix de vente : 848076     Encombrement : 10    Dommages: 203-312 | ;
691 Arc à poulie en mélèze féerique (+2);Arcs et flèches;138;;691;;;;;;;;;;;;;;;;;;;;;;;;;;;30;;;;;;;;;;;;;;;Prérequis : Force : 138, Dextérité : 691    Bonus : +30% archerie    Obtention : 12.721.140 (Ayanis, NO sous-sol métiers RedWall)    Prix de vente : 1.272.114     Encombrement : 10    Dommages : 230-353 | ;
691 Arc à poulie du Joran (+3);Arcs et flèches;138;;691;;;;;;;;;;;;;;;;;;;;;;;;;;;50;;;;;;;;;;;;;;;Prérequis : Force : 138, Dextérité : 691     Bonus : +50% archerie    Obtention : 50.884.560 (Sphodros, montagnes Est RedWall (900,1400,3))     Prix de vente : 1.696.152     Encombrement : 10    Dommages : 265-407 | ;
706 Arc composite en mélèze;Arcs et flèches;161;;706;;;;;;;;;;;;;;;;;;;;;;;;;;;;;;;;;;;;;;;;;;Prérequis : Force : 161, Dextérité : 706     Obtention : 1.439.601 (Nyctos, une maison de RedWall)    Prix de vente : 479.867    Encombrement : 11     Dommages : 200-308 | ;
706 Arc composite en mélèze d'Angélus (+1);Arcs et flèches;161;;706;;;;;;;;;;;;;;;;;;;;;;;;;;;15;;;;;;;;;;;;;;;Prérequis : Force : 161, Dextérité : 706     Bonus : +15% archerie    Prix : 4.318.803 (Regynia à l'Est des douves de RedWall)    Prix de vente : 959734     Encombrement : 11    Dommages : 230-355 | ;
706 Arc composite en mélèze féerique (+2);Arcs et flèches;161;;706;;;;;;;;;;;;;;;;;;;;;;;;;;;30;;;;;;;;;;;;;;;Prérequis : Force : 161, Dextérité : 706     Bonus : +30% archerie    Obtention : 14.396.010 (Ayanis, NO sous-sol métiers RedWall)    Prix de vente: 143.9601     Encombrement : 11    Dommages : 260-401 | ;
706 Arc composite du Foehn (+3);Arcs et flèches;161;;706;;;;;;;;;;;;;;;;;;;;;;;;;;;50;;;;;;;;;;;;;;;Prérequis : Force : 161, Dextérité : 706     Bonus : +50% archerie    Obtention: 57.584.040(Sphodros, montagnes Est RedWall (900,1400,3))     Prix de vente: 1.919.468     Encombrement : 11    Dommages : 282-435 (anc 292-450) | ;
706 Arc composite du Foehn étoilé (+4);Arcs et flèches;161;;706;;;;;;;;;;;;;;;;;;;;;;;;;;;10;;;;;10;;;;;;;;;;Prérequis : Force : 161, Dextérité : 706     Bonus :  +60% archerie, +10 Immob Transpercer armure Coup assommant    Obtention : Quête de Durikh le forgeron ou 82.500.000 (Rilouf SH 780,1080,0)     Prix de vente: 5.000.000     Encombrement : 11    Dommages : 282-435 (anc 281-463) | ;
793 Arc composite de l'Harmattan étoilé (+4);Arcs et flèches;178;;793;;;;;;;;;;;;;;;;;;;;;;;;;;;10;;;;;10;;;;;;;;;;Prérequis : Force : 178, Dextérité : 793     Bonus : +60% archerie, +10 Immob, Transpercer armure, Coup assommant    Obtention : Ebéniste 93    Encombrement : 11    Dommages : 285-448 (anc 315-489) | ;
880 Arc composite du Notos étoilé (+4);Arcs et flèches;196;;880;;;;;;;;;;;;;;;;;;;;;;;;;;;10;;;;;10;;;;;;;;;;Prérequis : Force : 196, Dextérité : 880     Bonus : +60% archerie, +10 Immob, Transpercer armure, Coup assommant    Obtention : Ebéniste 105    Encombrement : 11     Dommages : 313-487 (anc 337-528) | ;
974 Arc composite des alizés (+4);Arcs et flèches;208;;974;;;;;;;;;;;;;;;;;;;;;;;;;;;10;;;;;10;;;;;;;;;;Prérequis : Force : 208, Dextérité : 974     Bonus : +60% archerie, +10 Immob, Transpercer armure, Coup assommant    Obtention : Ebéniste d'Urtanar : Hothien Ardiel, recette level 129     Encombrement : 11     Dommages : 338-528 | ;
1042 Arc ensorcelé de la bise noire (+4);Arcs et flèches;217;;1042;;;;;;;;;;;;;;;;;;;;;;;;;;;10;;;;;10;;;;;;;;;;Prérequis : Force : 217, Dextérité : 1042     Bonus : +60% archerie, +10 Immob, Transpercer armure, Coup assommant    Obtention : Ebéniste d'Urtanar : Hothien Ardiel, recette level 132     Encombrement : 11     Dommages : 359-564 | ★  ★  ★  ★  ★  ★  ★  ★  ★  ★  ★  ★  ★  ★  ★  ★  ★  ★  ★  ★  ★  ★  ★  ★  ★  ★  ★  ★  ★  ★  ★  ★           Haut de page     N'hésitez pas à signaler les erreurs ou bizarreries que vous pourriez rencontrer sur cette page. Merci. | ;
Heaumes;Armures spéciales;;;;;;;;;;;;;;;;;;;;;;;;;;;;;;;;;;;;;;;;;;;;;;
Barbute des arènes;Armures spéciales;181;120;93;;;;500;;;;;;;;;;;;;;;;;;;;;;;;;-20;;;;;;;;;;;;;Prérequis :  Force 181, Endurance 120, Dextérité 93, Attaque 500, Encombrement 8 Bonus : +6 CA -20 Coup puissant +30 Dommages Pendant un combat, durant des périodes de 12 secondes aléatoires (environ 2X par minute) , augmente de manière variable la valeur de Coup Puissant. | Obtention : Armurier 102 | ;
Chapeau du nomade d'Arakas;Armures spéciales;;;;;;;;;;;;;;;;;;;;;;;;;;;;;;;;;;;;;;;;;;;10;;Prérequis :  Encombrement 3 Bonus : +4 CA +10 compétence Chercher Vous téléporte aléatoirement sur Arakas au moment ou vous vous en couvrez | Obtention : Couturier 24 | ;
Chapeau du nomade de Raven's Dust;Armures spéciales;;;;;;;;;;;;;;;;;;;;;;;;;;;;;;;;;;;;;;;;;;;15;;Prérequis : Encombrement 3 Bonus : +4 CA +15 Compétence Chercher Vous téléporte aléatoirement sur Raven's Dust au moment ou vous vous en couvrez | Obtention : Couturier 50 | ;
Chapeau du nomade de Stoneheim;Armures spéciales;;;;;;;;;;;;;;;;;;;;;;;;;;;;;;;;;;;;;;;;;;;20;;Prérequis : Encombrement 3 Bonus : +4 CA +20 Compétence Chercher Vous téléporte aléatoirement sur Stoneheim au moment ou vous vous en couvrez | Obtention : Couturier 74 | ;
Chapeau du nomade de Drake Island;Armures spéciales;;;;;;;;;;;;;;;;;;;;;;;;;;;;;;;;;;;;;;;;;;;25;;Prérequis : Encombrement 3 Bonus : +4 CA + 25 Compétence Chercher Vous téléporte aléatoirement sur Drake Island au moment ou vous vous en couvrez | Obtention : Couturier 97 | ;
Chapeau du nomade légendaire;Armures spéciales;;;;;;;;;;;;;;;;;;;;;;;;;;;;;;;;;;;;;;;;;;;25;;Prérequis : Encombrement 3 Bonus : +4 CA + 25 Compétence Chercher ?? Vous téléporte aléatoirement sur Altéa au moment ou vous vous en couvrez | Obtention : Couturier 108 | ;
Masque de loup;Armures spéciales;41;;41;;;;;;;;;;;;;;;;;;;;;;;;;100;;100;;;;;;;;;;;;;;;Prérequis : Force 27, Dext 41, Encombrement 1 Bonus : +3 CA +100 Attaque +100 Archerie | Obtention : Quête de l'enfant malade | ;
Chapeau du jeune magicien;Armures spéciales;;;;25;25;;;;;;10;10;;;;3;3;3;3;3;3;;;;;;;;;;;;;;;;;;;;;;;;Prérequis : Intel 30, sagesse 25, encombrement 1 Bonus : +2 CA +10 Intelligence +10 Sagesse +3 all puissances | Prix de revente : 2.632 | Obtention : Dasrinn le Dragon (village des nains AR) | ;
Chapeau à larges bords;Armures spéciales;;49;;33;33;;;;;;10;;;;;;;;;;;;5;;;;;;;;;;;;;;;;5;;;;;;Prérequis : Endu 18, intel 49, sagesse 33, encombrement 2 Bonus : +3 CA +10 Intelligence +5 Profusion de mana +5 résist eau | Prix de revente : 547 | Obtention : Couturier 15 | ;
Chapeau de glace;Armures spéciales;;;;21;21;;;;;;;;;;;;;;;;;;;;;;;;;;;;;;;;;;;;;;;;Prérequis : Intel 603, sagesse 21, Encombrement 4 Bonus : +5 CA +50 Int +10 Puissance Eau +5 Puissance Air / Nécro +5 Résistance Eau / Air / Terre +3 Résistance Nécro - 5 Puissance Feu / Terre | Prix de revente : 125.923 | Obtention : Zartgax de givre (Niève) | ;
Masque Gobelin;Armures spéciales;;30;;;;;;1;;;;;;;;;;;;;;;;;;;;;;;;;;;;;;;;;;;;;Prérequis : Endurance 30, encombrement 0 Bonus : +1 CA +1 Force | Obtention : Gobelin shaman (AR) | ;
Masque de Gobelin glacé;Armures spéciales;;45;;;;;;;;;;;;;;;10;;;;;;;;;;;;-25;;;;;;;;;;;;;;;;Prérequis : Endurance 45, Encombrement  2 Bonus : +3 CA -25 Esquive +10 Puissance Eau +10 Résistance Eau +5 Int | Prix de revente : 1.852 | Obtention : Gobelin gardien des glaces (Niève) | ;
Diadème volcanique;Armures spéciales;;;;21;21;;;;;;50;;;;;;;;15;;;;;;;;;;;;;;;;;;;;;;;;;;Prérequis : Intel 603, Sagesse 21 Bonus : +5 CA +50 Intel +15 Puissance Feu + 5 Puissance nécro -5 Puissance eau +5 Résistance Feu +3 Résistance Air / Terre / Nécro -5 Résistance Eau | Obtention : Monstres B'Zerillis (DI) | ;
Chapeau en feuilles;Armures spéciales;;;;68;68;;;;;;;;;;;;;;;;;;;;;;;;;;;;;;;;;;;;;;;;Prérequis : Intel 41, Sagesse 68 Bonus : +5 CA +10 Puissance Terre +25 Sag | Obtention : Quête des livres de chance | ;
Sombre chapeau;Armures spéciales;;;;21;21;;;;;;25;;;;;;;;;;25;;;;;;;;;;;;;;;;;;;;;;;;Prérequis : Intel 120, Sagesse 21 Bonus : +5 CA +10 Puissance Nécro +25 Intel | Obtention : Quête des livres de chance | ;
Couvre chef;Armures spéciales;15;15;372;;;;;20;;40;;;;;;;;;;;;;;;;;;;50;;;;;;;;;10;;;;;;;Prérequis : Dextérité 372, Force 94, Endurance 15 Bonus : +5 CA +50 Esquive +40 Dext +20 Force +10 Immobilisation +(1xNiveau du personnage) en Archerie | Prix de revente : 23.547 Obtention : Drakes Vigrator (DI) | ;
Bandeau mystique du vent (item standard modifié);Armures spéciales;;;;115;115;;;;;;;;;;;;;;;10;;;;;;;;;50;;;;;;;;;;;;;;;;Prérequis : Intel 76, Sagesse 115, Encombrement 3 Bonus : +50 Esquive +10 Puissance Lumière +15 Puissance Air | Obtention : Coffre Oracle | ;
Couronne de la liche;Armures spéciales;;;;21;21;;;;;;50;;;;;;;;;;10;;;50;;;;;;;;;;;;;;;12;;;;;;Prérequis : Intel 920, Sagesse 21. Bonus : +10 CA +12 Profusion de mana +10 Puissance en nécro -12 Résistance à la lumière +2 Résistance à la terre +2 Résistance à l'eau +2 Résistance au feu +2 Résistance à l'air +50 Intelligence | Obtention : Forgeron 101 | ;
Etincelle de lumière;Armures spéciales;;;;583;583;;;;;;;50;;;;;;;;50;;;;;;;;;;;;;;;;;;;10;;;;;;Prérequis : Intel 48, Sagesse 583, Encombrement 3 Bonus : +5 CA +25 Puissance Lumière +50 Sagesse +10 Profusion de mana +20 Retour à la vie | Obtention : Clerc Hykal (Abysses DI) | ;
Chapeau Brun;Armures spéciales;;50;16;12;12;;;;;;;;;;;;;;;;;;;;;;;;-2;;;;;;;;;;;;;;;;Prérequis : Endu 75, Dext 50, Intel 16, Sagesse 12 Bonus : +1 CA +10 se faufiler et se dissimuler -2 esquive | Prix de revente : 7.999 Obtention : Coffre à surprise AR | ;
Casque en frêne;Armures spéciales;;30;;;;;;;;;;;;;;;;;;;;;;;;;;;;;;;5;;;;;;;;;;;;Prérequis : Endu 30, Encombrement 3 Bonus : +2 CA +5 Coup assommant | Prix de revente : 547 Obtention : Ebéniste level 2 | ;
Chapeau de Noël;Armures spéciales;;;;;;;;;;;;;;;;;;;;;;;;;;;;;;;;;;;;;;;;;;;;;Prérequis : sans Bonus : +3 Chance | Prix de revente : 1.000 Obtention : Quête de Noël | ;
Ceintures;Armures spéciales;;;;;;;;;;;;;;;;;;;;;;;;;;;;;;;;;;;;;;;;;;;;;;
Ceinture de sagesse (standard  T4C mais très demandée);Armures spéciales;;;;;;;;;;;25;25;;;;;;;;;;;;;;;;;;;;;;;;;;;;;;;;;Prérequis : Sagesse 60, Intelligence 60, encombrement 0 Bonus : +5 CA +25 sagesse et intelligence Obtention : Drop Mausolée RD, Vicaires Ramiel et Kervian (repop 20 min) (ce sont les deux premiers) | ;
Cordon d'apaisement;Armures spéciales;;14;;33;5;;;;;;;5;;;;;;;;;;;;;;;;;-2;;;;;;;;;;;;;;;;Prérequis : Endu 20, Intel 14, Sagesse 33, encombrement 1 +1 CA -2 Esquive +3 Puissance lumière +5 Sagesse Obtention : Couturier level 4 | ;
Ceinture de noblesse;Armures spéciales;;;;;;;;;25;;25;25;;;;;;;;;;;;;;;;;;;;;;;;;;;;;;;;;Prérequis : Endu 25, Sagesse 25, Intelligence 25, encombrement 6 Bonus : +10 chance | Obtention : Donjon 200+ : les bijoux d'Eléonore | ;
Ceinturon d'immunisation aux poisons mineurs;Armures spéciales;;5;;66;66;;;;-30;;;;;;;;;;;;;-5;-5;-5;-5;-5;-5;;-15;;;;;;;;;;;;;;;;Prérequis : Endu 35, Intel 73, Sagesse 66, encombrement 1 +2 CA -15 esquive +10  comp: Premiers soins -30 endurance -5 all résistances Obtention : Couturier level 20 | ;
Ceinturon d'immunisation aux poisons;Armures spéciales;;10;;78;78;;;;-40;;;;;;;;;;;;;-10;-10;-10;-10;-10;-10;;;;;;;;;;;;;;;;;;Prérequis : Endu 40, Intel 96, Sagesse 78, encombrement 1 +2 CA +15 ?? -40 endurance -10 all résistances Obtention : Couturier level 46 | ;
Ceinturon d'immunisation aux poisons majeurs;Armures spéciales;;15;;109;109;;;;-50;;;;;;;;;;;;;-15;-15;-15;-15;-15;-15;;;;;;;;;;;;;;;;;;Prérequis : Endu 45, Intel 136, Sagesse 109, encombrement 1 +2 CA +20 ?? -50 endurance -15 all résistances Obtention : Couturier level 72 | ;
Bottes;Armures spéciales;;;;;;;;;;;;;;;;;;;;;;;;;;;;;;;;;;;;;;;;;;;;;;
Bottes de lézard blanc;Armures spéciales;;130;;18;18;;;;;;;;;;;;;;;;;;;;;;;;;;;;;;;;;;;;;;;;Prérequis : Endu 60, Intel 130, Sagesse 18, encombrement 6 +5 CA +5 Puissance eau +10 Résist feu -5 Puissance feu Obtention : Dragon Yeridaj (sortie de la grotte vers la ville de Niève) | ;
Bottes de la tortue;Armures spéciales;;60;;;;;;;;;;;;;;;;;;;;;;;;;;;-2;;;;;;;;;;;;;;;;Prérequis : Endurance 60, Encombrement 6 +1 CA +20 se faufiler et se dissimuler -2 Esquive Obtention : | ;
Bottes de Lutin rouges;Armures spéciales;;;;;;;;;;;;;;;;;;;;;;;;;;;;;;;;;;;;;;;;;;;;;Prérequis : Encombrement 2 +5 Chance Prix de vente : 8.000 Obtention : Quête de Noël | ;
Bottes de Lutin vertes;Armures spéciales;;;;;;;;;;;;;;;;;;;;;;;;;;;;;;;;;;;;;;;;;;;;;Prérequis : Encombrement 1 +3 chance Prix de vente : 4.000 Obtention : Quête de Noël | ;
Plastrons;Armures spéciales;;;;;;;;;;;;;;;;;;;;;;;;;;;;;;;;;;;;;;;;;;;;;;
Armure de cuir rapiécée;Armures spéciales;5;30;;;;5;5;5;;;;;;;;;;;;;;;;;;;;25;-15;25;;;;;;;;;;;;;;;Prérequis : Endurance 30, encombrement 3 +5 CA -15 Esquive +25 Attaque et Archerie +5 Force Obtention : donjon 1-30 : Donjon du Gobelet | ;
Armure en lambeaux;Armures spéciales;140;60;;60;10;;;;;;;;;;;;;;;;;;;;;;;;;;;;;;;;;;;;;;;;Prérequis : Force 80, Endu 140, Intel 60, Sagesse 60 +16 CA +10 Résist nécro +15 all stat Obtention : garde mort-vivant (invocation de Liridell), Sentinelle Morte-vivante | ;
Plastron d'argent;Armures spéciales;;160;;;;;;;;;;;;;;5;5;5;5;5;5;;;;;;;;;;;;;;;;;;;;;;;;Prérequis : Endu 160, encombrement 12 +21 CA +5 all Puissances Obtention : Dragon Freidaclan (Ouest entrée crypte RD) | ;
Plastron d'orc en cuir clouté;Armures spéciales;;60;;;;;;;;;;;;;;;;;;;;2;2;2;2;2;2;;;;;;;;;;;;;;;;;;Prérequis : Endu 60, encombrement 9 +3 CA +2 all Résistances Obtention : Armurier level  9 | ;
Plastron du pommier;Armures spéciales;;105;;66;66;;;;;;;;;;;;;;;;;;;;;;;;;;;;;;;;;;;;;;;;Prérequis : Endu 105, Sagesse et intell66, encombrement 8 +5 CA En frappant son adversaire, fait apparaître des pommes dans son inventaire Obtention : Armurier level 66 | ;
Plastron protecteur de Théopold;Armures spéciales;;380;;142;142;;;;;;;;;;;;;;;;;20;20;20;20;20;20;;;;;;;;;;;;;;;;;;Prérequis : Endu 340 (anc 380 maj du 4/4/18), Intel 139, Sagesse 142, Encombr 14 +21 CA Quand le porteur est attaqué, lance parfois un sort qui donne +50 CA et +20 all résist à tout les membres de son groupe durant 3 minutes Obtention : Armurier level 104 | ;
Haubert d'armure légendaire de camouflage;Armures spéciales;5;800;5;;;5;;;;;;;;;;;;;;;;;;;;;;;;;;;;1;5;;;10;;;;;;;Prérequis : 190 Force - 80 Endurance - 800 Dext. +19 CA +1 Coup critique +10 immobilisation + % archerie +5 transpercer armure +13 faufiler +13 dissimulation +5 résistance : nécro-lumière-feu-eau-air-terre +%dext +5 chance +% force  Obtention : Armurier level 105 | ;
Plastron de rejet;Armures spéciales;;380;;4;;;;;;;;;;;;;;;;;;12;12;12;12;12;12;;-21;;;;;;;;;;;;;;;;Prérequis : Endu 340 (anc 380 maj du 4/4/18), intel 95 (maj du 4/4/18), encomb 14 +79 CA -21 esquive +12 all Résistances Repousse parfois l'ennemi lors d'un combat Obtention : Armurier level 110 | ;
Gants;Armures spéciales;;;;;;;;;;;;;;;;;;;;;;;;;;;;;;;;;;;;;;;;;;;;;;
Gants d'Orc en cuir clouté;Armures spéciales;;60;;;;;;;;;;;;;;;;;;;;1;1;1;1;1;1;;;;;;;;;;;;;;;;;;Prérequis : Endurance 60, Encombrement 4 Bonus : +1 CA,+1 all résistances Obtention : Armurier level 1 | ;
Gants du manipulateur d'orage;Armures spéciales;;20;;38;38;;;;;;;;;;;;;;;;;;;;;;;;;;;;;;;;;;;;;;;;Prérequis : Endurance 20, Sagesse 35, Intell 38, Encombrement 3 Bonus : +2 CA, sort ? Obtention : Couturier level 42 | ;
Gants d'acier des monts de Righul;Armures spéciales;60;60;;;;;;10;;;;;;;;;;;;;;;;;;;;10;;;;;;;;;;;;;;;;;Prérequis : Endurance 55, Force 60, Encombrement 4 Bonus : +2 CA, +5 Immob, +20 Attaque, +10 Force Obtention : Armurier level 24 | ;
Poigne de fer;Armures spéciales;42;42;;;;;;50;;;;;;;;;;;;;;;;;;;;25;-25;;;;;25;;;;;;;;;;;Prérequis : Endurance 55, Force 42, Encombrement 5 Bonus : +3 CA, +10 Force, +50 Coup Critique, +25 Attaque Malus : -25 Esquive. Obtention : Couturier level 11 | ;
Gants d'influence élémentaire;Armures spéciales;;20;;38;35;;;;;;5;5;;;;;3;3;;;;;;;;;;;;;;;;;;;;;;;;;;;Prérequis : Endurance 20, Intelligence 38, Sagesse 35, Encombrement 3 Bonus : +2 CA, +5 Sagesse et Intelligence, +3 puissances eau air terre feu pour le groupe proche !! | Obtention : Couturier level 19 , Donjon du capitaine Coupe-jarret | ;
Gants de voleur;Armures spéciales;;15;;30;;;;;;10;;;;;;;;;;;;;;;;;;;10;;;;;;;;;;;10;;;;;Prérequis : Endurance 15, Intelligence 30, Encombrement 3 Bonus : +1 CA, +5 Vol, +7 Dextérité, +10 Esquive Obtention : Armurier level 43 | ;
Gants de noblesse;Armures spéciales;;25;;25;25;;;;;;;;;;;;;;;;;;;;;;;;;;;;;;;;;;;;;;;;Prérequis : Endu 25, Sagesse 25, Intelligence 25, Encombrement 6 Bonus : +15 chance Obtention : Armurier level 106 | ;
Jambières;Armures spéciales;;;;;;;;;;;;;;;;;;;;;;;;;;;;;;;;;;;;;;;;;;;;;;
Bénard capteur de magie;Armures spéciales;;38;;35;38;;;;;;;;;;;;;;;;;3;;3;;;;;-25;;;;;;;;2;;;;;;;;Prérequis : Endu 20, Sagesse 38, Intelligence 35, Encombrement 4 Bonus : +2 CA, +10 Méditation, +3 Résistances terre air eau feu, -25 Esquive Obtention : Couturier level 10 | ;
Braies du don de soi;Armures spéciales;;40;;;71;;;;;;;3;;;;;;;;5;;;;;;;;;-7;;;;;;;;;;;;;;;;Prérequis : Endurance 40, Sagesse 71, Encombrement 5 Bonus : +3 CA, +15 Sagesse, +5 Puissance lumière, +25 Retour à la vie, -7 Esquive Obtention : Couturier level 37 | ;
Jambières des alvors;Armures spéciales;;150;;;;;;;;;;;;;;;;;;;;;;;;;;;;;;;;;;;;;;;;;;;Prérequis : Endurance 150 Bonus : +6 CA, +5 résistances eau terre air feu nécro Obtention : Armurier level 74 | ;
Jambières de stabilité;Armures spéciales;;125;;;;;4;;;;;;;;;;;;;;;;;;;;;;30;;;;;;;;;30;;;;;;;Prérequis : Endurance  125, Encombrement 12, 800 attaque ?(maj du 4/4/18) Bonus : +4 CA, +10 Immobilisation, +30 Esquive Obtention : Armurier level 69 | ★  ★  ★  ★  ★  ★  ★  ★  ★  ★  ★  ★  ★  ★  ★  ★  ★  ★  ★  ★  ★  ★  ★  ★  ★  ★  ★  ★  ★  ★  ★  ★           Haut de page     N'hésitez pas à signaler les erreurs ou bizarreries que vous pourriez rencontrer sur cette page. Merci. | ;
